canonical_key,full_name,display_name,birth_year,death_year,birth_place_id,death_place_id,race_code,gender,class_code,occupation,home_region_sc_code,enslaved_status,source_density_code,representation_depth_code,erasure_flag,erasure_reason_code,notes
a_allston,A. Allston,A. Allston,,,,,,,,,,,,,0,,From people_review; raw_person_ids=1729
absalom_blythe,Absalom Blythe,Absalom Blythe,,,,,,,,,,,,,0,,From people_review; raw_person_ids=2120
adam_jones,Adam Jones,Adam Jones,,,,,,,,,,,,,0,,From people_review; raw_person_ids=3033
adley_hogan,Adley Hogan,Adley Hogan,,,,,,,,,,,,,0,,"From people_review; raw_person_ids=3229,5288"
albert_micajah,Albert Micajah,Albert Micajah,,,,,,,,,,,,,0,,From people_review; raw_person_ids=2802
albert_rhett,Albert Rhetts,Albert Rhetts,,,,,,,,,,,,,0,,"From people_review; raw_person_ids=2473,3107"
alex_mcbee,Alex McBee,Alex McBee,,,,,,,,,,,,,0,,From people_review; raw_person_ids=2547
alex_robertson,Alex Robertson,Alex Robertson,,,,,,,,,,,,,0,,From people_review; raw_person_ids=1705
alex_taylor,Alex Taylor,Alex Taylor,,,,,,,,,,,,,0,,From people_review; raw_person_ids=2793
alexander_dromgoole_sims_of_darlington,Alexander Dromgoole] Sims of Darlington,Alexander Dromgoole] Sims of Darlington,,,,,,,,,,,,,0,,"From people_review; raw_person_ids=2556,4562"
alexander_evins,Alexander] Evins,Alexander] Evins,,,,,,,,,,,,,0,,"From people_review; raw_person_ids=2876,4904"
alexander_mcbee,Alexander McBee,Alexander McBee,,,,,,,,,,,,,0,,From people_review; raw_person_ids=2073
alexander_taylor,Alexander Taylor,Alexander Taylor,,,,,,,,,,,,,0,,From people_review; raw_person_ids=2033
alfred_huger,Alfred Huger,Alfred Huger,,,,,,,,,,,,,0,,From people_review; raw_person_ids=3283
alice_roberts,Alice Roberts,Alice Roberts,,,,,,,,,,,,,0,,From people_review; raw_person_ids=2321
allard_belin_flagg,Allard Belin] Flagg,Allard Belin] Flagg,,,,,,,,,,,,,0,,"From people_review; raw_person_ids=2491,4493"
alleier_barrett,Alleier Barrett,Alleier Barrett,,,,,,,,,,,,,0,,From people_review; raw_person_ids=2757
allen_merrits,Allen Merrits,Allen Merrits,,,,,,,,,,,,,0,,From people_review; raw_person_ids=2172
allston,Al]l]ston,Al]l]ston,,,,,,,,,,,,,0,,"From people_review; raw_person_ids=5080,5081"
alston_hayne,Alston Hayne,Alston Hayne,,,,,,,,,,,,,0,,From people_review; raw_person_ids=2267
alston_kayne,Alston Kayne,Alston Kayne,,,,,,,,,,,,,0,,From people_review; raw_person_ids=3480
andrew_b_crook,Andrew B.] Crook,Andrew B.] Crook,,,,,,,,,,,,,0,,"From people_review; raw_person_ids=3286,5348"
andrew_gordon_magrath,Andrew Gordon] Magrath,Andrew Gordon] Magrath,,,,,,,,,,,,,0,,"From people_review; raw_person_ids=2185,4162"
andrew_p_butler,Andrew P.] Butler,Andrew P.] Butler,,,,,,,,,,,,,0,,"From people_review; raw_person_ids=3054,5097"
andrew_pickens,Andrew Pickens,Andrew Pickens,,,,,,,,,,,,,0,,From people_review; raw_person_ids=3355
andrew_pickens_butler,Andrew Pickens] Butler,Andrew Pickens] Butler,,,,,,,,,,,,,0,,"From people_review; raw_person_ids=2431,4429"
andy_johnson,Andy Johnson,Andy Johnson,,,,,,,,,,,,,0,,From people_review; raw_person_ids=3266
anna_green,Anna Green,Anna Green,,,,,,,,,,,,,0,,From people_review; raw_person_ids=2804
anna_hayne,Anna Hayne,Anna Hayne,,,,,,,,,,,,,0,,From people_review; raw_person_ids=2394
anna_perry,Anna Perry,Anna Perry,,,,,,,,,,,,,0,,From people_review; raw_person_ids=288
anne_williams,Anne Williams,Anne Williams,,,,,,,,,,,,,0,,From people_review; raw_person_ids=2663
annie_mcbee,Annie McBee,Annie McBee,,,,,,,,,,,,,0,,From people_review; raw_person_ids=3123
ap_hayne,A.P. Hayne,A.P. Hayne,,,,,,,,,,,,,0,,From people_review; raw_person_ids=1916
armistead_burt,Armistead Burt,Armistead Burt,,,,,,,,,,,,,0,,From people_review; raw_person_ids=2801
arthur_hayne,A[rthur] Hayne,A[rthur] Hayne,,,,,,,,,,,,,0,,From people_review; raw_person_ids=3319
arthur_p_hayne,Arthur P. Hayne,Arthur P. Hayne,,,,,,,,,,,,,0,,"From people_review; raw_person_ids=1668,2083"
arthur_simpkins,Arthur Simpkins,Arthur Simpkins,,,,,,,,,,,,,0,,From people_review; raw_person_ids=2963
asa_hodges,Asa Hodges,Asa Hodges,,,,,,,,,,,,,0,,From people_review; raw_person_ids=1871
augustus_hoke,Augustus Hoke,Augustus Hoke,,,,,,,,,,,,,0,,From people_review; raw_person_ids=1897
augustus_townes,Augustus Townes,Augustus Townes,,,,,,,,,,,,,0,,From people_review; raw_person_ids=2730
aunt_annie,Aunt Annie,Aunt Annie,,,,,,,,,,,,,0,,From people_review; raw_person_ids=2442
aunt_hayne,Aunt Hayne,Aunt Hayne,,,,,,,,,,,,,0,,From people_review; raw_person_ids=2387
aunt_susan,Aunt Susan,Aunt Susan,,,,,,,,,,,,,0,,From people_review; raw_person_ids=2563
aw_hanger,A.W. Hanger,A.W. Hanger,,,,,,,,,,,,,0,,From people_review; raw_person_ids=3071
barnwell_duncan,Barnwell Duncan,Barnwell Duncan,,,,,,,,,,,,,0,,From people_review; raw_person_ids=3095
barnwell_rhett,Barnwell Rhett,Barnwell Rhett,,,,,,,,,,,,,0,,From people_review; raw_person_ids=1943
baylis_crayton,Baylis Crayton,Baylis Crayton,,,,,,,,,,,,,0,,From people_review; raw_person_ids=2842
beaufort_watts,Beaufort Watts,Beaufort Watts,,,,,,,,,,,,,0,,From people_review; raw_person_ids=2290
becky_sharp,Becky Sharp,Becky Sharp,,,,,,,,,,,,,0,,From people_review; raw_person_ids=2340
ben_mcculloch,Ben McCulloch,Ben McCulloch,,,,,,,,,,,,,0,,From people_review; raw_person_ids=3003
ben_mcdaniel,Ben McDaniel,Ben McDaniel,,,,,,,,,,,,,0,,From people_review; raw_person_ids=2720
ben_yancey,Ben Yanceys,Ben Yanceys,,,,,,,,,,,,,0,,"From people_review; raw_person_ids=1971,2466,4465"
benedict_arnold,Benedict Arnold,Benedict Arnold,,,,,,,,,,,,,0,,From people_review; raw_person_ids=2164
benjamin_d_naebors,Benjamin D.] Naebors,Benjamin D.] Naebors,,,,,,,,,,,,,0,,"From people_review; raw_person_ids=3118,5168"
benjamin_franklin_perry,Benjamin Franklin Perry,Benjamin Franklin Perry,,,,,,,,,,,,,0,,"From people_review; raw_person_ids=1,143,2324,261,267,2697,447,5471,916,935"
benson_j_lossing,Benson J. Lossing Esq.,Benson J. Lossing Esq.,,,,,,,,,,,,,0,,"From people_review; raw_person_ids=1462,3468"
betty_robinson,Betty Robinson,Betty Robinson,,,,,,,,,,,,,0,,From people_review; raw_person_ids=1856
bill_arps,Bill Arps,Bill Arps,,,,,,,,,,,,,0,,From people_review; raw_person_ids=3361
bill_beattie,Bill Beattie,Bill Beattie,,,,,,,,,,,,,0,,From people_review; raw_person_ids=2142
bill_fisher,Bill Fisher &,Bill Fisher &,,,,,,,,,,,,,0,,"From people_review; raw_person_ids=3320,5488"
bill_jones,Bill Jones,Bill Jones,,,,,,,,,,,,,0,,From people_review; raw_person_ids=3111
bill_thompson,Bill Thompson,Bill Thompson,,,,,,,,,,,,,0,,From people_review; raw_person_ids=2329
billy_sherrord,Billy Sherrord,Billy Sherrord,,,,,,,,,,,,,0,,From people_review; raw_person_ids=2262
bishop_davis,Bishop Davis,Bishop Davis,,,,,,,,,,,,,0,,From people_review; raw_person_ids=3220
bishop_doane,Bishop Doane,Bishop Doane,,,,,,,,,,,,,0,,From people_review; raw_person_ids=3452
bishop_elliott,Bishop Elliott,Bishop Elliott,,,,,,,,,,,,,0,,From people_review; raw_person_ids=2504
bob_spurgeon,Bob Spurgeon,Bob Spurgeon,,,,,,,,,,,,,0,,From people_review; raw_person_ids=1831
charles_alexander_thornwell,[Charles Alexander] Thornwell,[Charles Alexander] Thornwell,,,,,,,,,,,,,0,,"From people_review; raw_person_ids=2726,4744"
charles_hammond,Charles Hammond,Charles Hammond,,,,,,,,,,,,,0,,From people_review; raw_person_ids=3490
charles_henry_simonton,Charles Henry] Simonton,Charles Henry] Simonton,,,,,,,,,,,,,0,,"From people_review; raw_person_ids=2218,4197"
charles_hill,Charles Hill,Charles Hill,,,,,,,,,,,,,0,,From people_review; raw_person_ids=2451
charles_lanman,Charles Lanman,Charles Lanman,,,,,,,,,,,,,0,,From people_review; raw_person_ids=1050
charles_magill_conrad,Charles Magill] Conrad,Charles Magill] Conrad,,,,,,,,,,,,,0,,"From people_review; raw_person_ids=3034,5075"
charles_sullivan,Charles Sullivan,Charles Sullivan,,,,,,,,,,,,,0,,From people_review; raw_person_ids=2959
charley_ketchum,Charley Ketchum,Charley Ketchum,,,,,,,,,,,,,0,,From people_review; raw_person_ids=2765
charley_lanneau,Charley Lanneau,Charley Lanneau,,,,,,,,,,,,,0,,From people_review; raw_person_ids=1572
charley_oneal,Charley ONeal,Charley ONeal,,,,,,,,,,,,,0,,From people_review; raw_person_ids=3050
charlotte_smith,Charlotte Smith,Charlotte Smith,,,,,,,,,,,,,0,,From people_review; raw_person_ids=2275
chesney_smith,Chesney Smith,Chesney Smith,,,,,,,,,,,,,0,,From people_review; raw_person_ids=3179
christopher_g_memminger,Christopher G.] Memmingers,Christopher G.] Memmingers,,,,,,,,,,,,,0,,"From people_review; raw_person_ids=2288,2347,4271"
christopher_william_dudley,Christopher William] Dudley,Christopher William] Dudley,,,,,,,,,,,,,0,,"From people_review; raw_person_ids=1683,2216"
cj_elford,C.J. Elford,C.J. Elford,,,,,,,,,,,,,0,,From people_review; raw_person_ids=2698
clary_benson,Clary Benson,Clary Benson,,,,,,,,,,,,,0,,From people_review; raw_person_ids=2627
colin_m_ingersoll,Colin M.] Ingersoll,Colin M.] Ingersoll,,,,,,,,,,,,,0,,"From people_review; raw_person_ids=2807,4828"
collin_ferguson,Collin Ferguson,Collin Ferguson,,,,,,,,,,,,,0,,From people_review; raw_person_ids=2934
cornelia_crittenden,Cornelia Crittenden,Cornelia Crittenden,,,,,,,,,,,,,0,,From people_review; raw_person_ids=3084
cornelia_thompson,Cornelia Thompson,Cornelia Thompson,,,,,,,,,,,,,0,,From people_review; raw_person_ids=3456
daniel_elliott_huger,Daniel Elliott] Huger,Daniel Elliott] Huger,,,,,,,,,,,,,0,,"From people_review; raw_person_ids=2429,4427"
david_j_mccords,David J. McCords,David J. McCords,,,,,,,,,,,,,0,,From people_review; raw_person_ids=3404
david_johnson,David Johnson,David Johnson,,,,,,,,,,,,,0,,From people_review; raw_person_ids=2426
david_lowry,David Lowry],David Lowry],,,,,,,,,,,,,0,,"From people_review; raw_person_ids=3047,5090"
dawkins_bonham,Dawkins Bonham,Dawkins Bonham,,,,,,,,,,,,,0,,"From people_review; raw_person_ids=3089,5133"
dicey_langston,Dicey Langston,Dicey Langston,,,,,,,,,,,,,0,,From people_review; raw_person_ids=2293
dick_jacobs,Dick Jacobs,Dick Jacobs,,,,,,,,,,,,,0,,From people_review; raw_person_ids=2675
dr_john_leconte,Dr. John LeConte,Dr. John LeConte,,,,,,,,,,,,,0,,From people_review; raw_person_ids=908
ed_earle,E.D. Earle,E.D. Earle,,,,,,,,,,,,,0,,From people_review; raw_person_ids=3329
ed_rowland,Ed Rowland,Ed Rowland,,,,,,,,,,,,,0,,From people_review; raw_person_ids=2602
ed_stokes,Ed Stokes,Ed Stokes,,,,,,,,,,,,,0,,From people_review; raw_person_ids=2330
edmond_hayne,Edmond Hayne,Edmond Hayne,,,,,,,,,,,,,0,,From people_review; raw_person_ids=3330
edmund_rhett,Edmund Rhett,Edmund Rhett,,,,,,,,,,,,,0,,From people_review; raw_person_ids=2779
edward_bishop,Edward Bishop,Edward Bishop,,,,,,,,,,,,,0,,From people_review; raw_person_ids=2279
edward_buist,Edward Buist,Edward Buist,,,,,,,,,,,,,0,,From people_review; raw_person_ids=2237
edward_earle,Edward Earle,Edward Earle,,,,,,,,,,,,,0,,From people_review; raw_person_ids=3147
edward_frost,Edward] Frost,Edward] Frost,,,,,,,,,,,,,0,,From people_review; raw_person_ids=2570
edward_hayne,Edward Hayne,Edward Hayne,,,,,,,,,,,,,0,,From people_review; raw_person_ids=1898
edward_jones,Edward Jones,Edward Jones,,,,,,,,,,,,,0,,From people_review; raw_person_ids=2353
edward_rhett,Edward Rhett,Edward Rhett,,,,,,,,,,,,,0,,From people_review; raw_person_ids=3439
edward_stokes,Edward Stokes,Edward Stokes,,,,,,,,,,,,,0,,From people_review; raw_person_ids=2151
edwin_p_jones,Edward Frost,Edward Frost,,,,,,,,,,,,,0,,From people_review; raw_person_ids=2140
eelias_earle,EliasEarle,EliasEarle,,,,,,,,,,,,,0,,From people_review; raw_person_ids=5135
elford_thompson,Elford Thompson,Elford Thompson,,,,,,,,,,,,,0,,From people_review; raw_person_ids=3338
elias_chumpton_leitner,Elias Chumpton Leitner,Elias Chumpton Leitner,,,,,,,,,,,,,0,,"From people_review; raw_person_ids=3059,5102"
elias_earle,Elias Earle,Elias Earle,,,,,,,,,,,,,0,,From people_review; raw_person_ids=1987
elias_roberts,Elias Roberts,Elias Roberts,,,,,,,,,,,,,0,,From people_review; raw_person_ids=2626
eliza_hayne,Eliza Hayne,Eliza Hayne,,,,,,,,,,,,,0,,From people_review; raw_person_ids=2902
eliza_irby,Eliza Irby,Eliza Irby,,,,,,,,,,,,,0,,From people_review; raw_person_ids=1665
eliza_r_laurens,Eliza R. Laurens,Eliza R. Laurens,,,,,,,,,,,,,0,,From people_review; raw_person_ids=3262
elizabeth_mccall_perry,Mrs. Elizabetrh Perry,Mrs. Elizabetrh Perry,,,,,,,,,,,,,0,,"From people_review; raw_person_ids=1420,1554,1571,16,1619,2,2058,3192,54,558,68"
ellen_janney,Ellen Janney,Ellen Janney,,,,,,,,,,,,,0,,From people_review; raw_person_ids=3088
ellerbe_b_cash,Ellerbe B.] Cash,Ellerbe B.] Cash,,,,,,,,,,,,,0,,"From people_review; raw_person_ids=3304,5366"
elliott_keith,Elliott Keith,Elliott Keith,,,,,,,,,,,,,0,,From people_review; raw_person_ids=2159
elvin_knotts,Elvin Knotts,Elvin Knotts,,,,,,,,,,,,,0,,From people_review; raw_person_ids=2327
emily_earle,Emily Earle,Emily Earle,,,,,,,,,,,,,0,,From people_review; raw_person_ids=2122
emily_hayne,Emily Hayne,Emily Hayne,,,,,,,,,,,,,0,,From people_review; raw_person_ids=1901
emma_julia_blum,Emma Julia Blum,Emma Julia Blum,,,,,,,,,,,,,0,,From people_review; raw_person_ids=2719
erwin_jones,Erwin Jones,Erwin Jones,,,,,,,,,,,,,0,,From people_review; raw_person_ids=2973
erwin_patton,Erwin Patton,Erwin Patton,,,,,,,,,,,,,0,,From people_review; raw_person_ids=3062
fannie_beattie,Fannie Beattie,Fannie Beattie,,,,,,,,,,,,,0,,From people_review; raw_person_ids=2373
fannie_irvine,Fannie Irvine,Fannie Irvine,,,,,,,,,,,,,0,,From people_review; raw_person_ids=3225
fannie_perry,Fannie Perry,Fannie Perry,,,,,,,,,,,,,0,,From people_review; raw_person_ids=764
fanny_kemble,Fanny Kemble,Fanny Kemble,,,,,,,,,,,,,0,,From people_review; raw_person_ids=1768
felix_rodgers,Felix Rodgers,Felix Rodgers,,,,,,,,,,,,,0,,From people_review; raw_person_ids=2034
flora_jones,Flora Jones,Flora Jones,,,,,,,,,,,,,0,,From people_review; raw_person_ids=2045
foster_goodell,Foster Goodell,Foster Goodell,,,,,,,,,,,,,0,,From people_review; raw_person_ids=3359
foster_perry,Foster Perry,Foster Perry,,,,,,,,,,,,,0,,From people_review; raw_person_ids=3437
frances_hayne,Frances Hayne,Frances Hayne,,,,,,,,,,,,,0,,From people_review; raw_person_ids=2773
francis_hugh_wardlaw,Francis Hugh] Wardlaw,Francis Hugh] Wardlaw,,,,,,,,,,,,,0,,"From people_review; raw_person_ids=2287,4270"
francis_r_lubbock,Francis R. Lubbock,Francis R. Lubbock,,,,,,,,,,,,,0,,From people_review; raw_person_ids=2227
francis_w_pickens,Francis W. Pickens,Francis W. Pickens,,,,,,,,,,,,,0,,"From people_review; raw_person_ids=3055,5098"
francis_wellman_fickling,Francis Wellman Fickling,Francis Wellman Fickling,,,,,,,,,,,,,0,,"From people_review; raw_person_ids=3020,5061"
francis_wilkinson_pickens,Francis Wilkinson Pickens,Francis Wilkinson Pickens,,,,,,,,,,,,,0,,"From people_review; raw_person_ids=2430,4428"
frank_burt,Frank Burt,Frank Burt,,,,,,,,,,,,,0,,From people_review; raw_person_ids=2413
frank_cox,Frank Cox,Frank Cox,,,,,,,,,,,,,0,,From people_review; raw_person_ids=2391
frank_coxe,Frank Coxe,Frank Coxe,,,,,,,,,,,,,0,,From people_review; raw_person_ids=2480
frank_fisher,Frank Fisher,Frank Fisher,,,,,,,,,,,,,0,,From people_review; raw_person_ids=3314
frank_kayne,Frank Kayne,Frank Kayne,,,,,,,,,,,,,0,,From people_review; raw_person_ids=3096
frank_key,Frank Key,Frank Key,,,,,,,,,,,,,0,,From people_review; raw_person_ids=3474
frank_mcbee,Frank McBee,Frank McBee,,,,,,,,,,,,,0,,From people_review; raw_person_ids=1801
frank_perry,Frank Perry,Frank Perry,,,,,,,,,,,,,0,,"From people_review; raw_person_ids=800,984"
frank_pickens,Frank Pickens,Frank Pickens,,,,,,,,,,,,,0,,From people_review; raw_person_ids=2855
frank_porcher,Frank Porcher,Frank Porcher,,,,,,,,,,,,,0,,From people_review; raw_person_ids=2219
franklin_harper_elmore,Franklin Harper Elmore,Franklin Harper Elmore,,,,,,,,,,,,,0,,"From people_review; raw_person_ids=2559,4565"
franklin_j_moses,Franklin J. Moses,Franklin J. Moses,,,,,,,,,,,,,0,,"From people_review; raw_person_ids=2132,4105"
frederick_nance,Frederick Nance,Frederick Nance,,,,,,,,,,,,,0,,From people_review; raw_person_ids=2183
frederick_newton,Frederick Newton,Frederick Newton,,,,,,,,,,,,,0,,From people_review; raw_person_ids=3429
frederick_william_davie,Frederick William Davie,Frederick William Davie,,,,,,,,,,,,,0,,From people_review; raw_person_ids=2529
fredertick_gustavus_behre,Fredertick Gustavus Behre,Fredertick Gustavus Behre,,,,,,,,,,,,,0,,"From people_review; raw_person_ids=3007,5048"
g_allen_huggins,G. Allen Huggins,G. Allen Huggins,,,,,,,,,,,,,0,,"From people_review; raw_person_ids=3497,5579"
george_a_gardiner,George A.] Gardiner,George A.] Gardiner,,,,,,,,,,,,,0,,"From people_review; raw_person_ids=2090,4062"
george_alfred,George Alfred,George Alfred,,,,,,,,,,,,,0,,"From people_review; raw_person_ids=1834,3799"
george_bryant,George Bryant,George Bryant,,,,,,,,,,,,,0,,From people_review; raw_person_ids=3372
george_butler,George Butler,George Butler,,,,,,,,,,,,,0,,From people_review; raw_person_ids=3458
george_croft,George Croft,George Croft,,,,,,,,,,,,,0,,From people_review; raw_person_ids=2374
george_d_tillman,[George D. Tillman,[George D. Tillman,,,,,,,,,,,,,0,,"From people_review; raw_person_ids=3271,5333"
george_f_townes,George F. Townes,George F. Townes,,,,,,,,,,,,,0,,From people_review; raw_person_ids=1736
george_franklin_townes,George Franklin Townes,George Franklin Townes,,,,,,,,,,,,,0,,"From people_review; raw_person_ids=3189,5241"
george_gliddon,George] Gliddon,George] Gliddon,,,,,,,,,,,,,0,,"From people_review; raw_person_ids=2276,4258"
george_gordon_meade,George Gordon Meade,George Gordon Meade,,,,,,,,,,,,,0,,From people_review; raw_person_ids=3244
george_h_pendleton,George H. Pendleton,George H. Pendleton,,,,,,,,,,,,,0,,"From people_review; raw_person_ids=2931,4961"
george_mcduffie,George McDuffie,George McDuffie,,,,,,,,,,,,,0,,"From people_review; raw_person_ids=1622,3582,4473"
george_washington_dargan,George Washington Dargan,George Washington Dargan,,,,,,,,,,,,,0,,"From people_review; raw_person_ids=2522,4524"
george_wells,George Wells,George Wells,,,,,,,,,,,,,0,,"From people_review; raw_person_ids=1903,3100"
george_wells__,George Wells,George Wells,,,,,,,,,,,,,0,,From people_review; raw_person_ids=5274
georgia_sperman,Georgia Sperman,Georgia Sperman,,,,,,,,,,,,,0,,From people_review; raw_person_ids=3494
gill_watson,Gill Watson,Gill Watson,,,,,,,,,,,,,0,,From people_review; raw_person_ids=3045
gilmore_simms,Gilmore Simms,Gilmore Simms,,,,,,,,,,,,,0,,"From people_review; raw_person_ids=2188,5398"
gm_thompson,G.M. Thompson,G.M. Thompson,,,,,,,,,,,,,0,,From people_review; raw_person_ids=2406
gm_thorp,G.M. Thorp,G.M. Thorp,,,,,,,,,,,,,0,,From people_review; raw_person_ids=1839
harriet_perry,Harriet Perry,Harriet Perry,,,,,,,,,,,,,0,,From people_review; raw_person_ids=3269
harriet_thurston,Harriet Thurston,Harriet Thurston,,,,,,,,,,,,,0,,From people_review; raw_person_ids=2921
harry_hammond,Harry Hammond,Harry Hammond,,,,,,,,,,,,,0,,"From people_review; raw_person_ids=2599,4607"
hayne_perry,Hayne Perry,Hayne Perry,,,,,,,,,,,,,0,,From people_review; raw_person_ids=1518
hayne_wells,Hayne Wells,Hayne Wells,,,,,,,,,,,,,0,,From people_review; raw_person_ids=2422
helen_harrington,Helen Harrington,Helen Harrington,,,,,,,,,,,,,0,,From people_review; raw_person_ids=2478
henry_buist,Henry Buist,Henry Buist,,,,,,,,,,,,,0,,From people_review; raw_person_ids=3193
henry_cauble,Henry Cauble,Henry Cauble,,,,,,,,,,,,,0,,From people_review; raw_person_ids=2269
henry_clinton,Henry Clinton,Henry Clinton,,,,,,,,,,,,,0,,From people_review; raw_person_ids=2774
henry_d_doyley,Henry D. Doyley,Henry D. Doyley,,,,,,,,,,,,,0,,From people_review; raw_person_ids=3347
henry_deas_lesesne,Henry Deas Lesesne,Henry Deas Lesesne,,,,,,,,,,,,,0,,"From people_review; raw_person_ids=3196,5248"
henry_heyward,Henry Heyward,Henry Heyward,,,,,,,,,,,,,0,,From people_review; raw_person_ids=2065
henry_pinckney_hammett,Henry Pinckney Hammett  &,Henry Pinckney Hammett  &,,,,,,,,,,,,,0,,"From people_review; raw_person_ids=3188,5240"
henry_sparnick,Henry] Sparnick,Henry] Sparnick,,,,,,,,,,,,,0,,"From people_review; raw_person_ids=2724,4742"
henry_thurston,Henry Thurston,Henry Thurston,,,,,,,,,,,,,0,,From people_review; raw_person_ids=2786
henry_william_garlington,Henry William Garlington,Henry William Garlington,,,,,,,,,,,,,0,,"From people_review; raw_person_ids=3334,5403"
hext_mccall,Hext McCall,Hext McCall,,,,,,,,,,,,,0,,From people_review; raw_person_ids=2874
hopkins_williams,Hopkins Williams,Hopkins Williams,,,,,,,,,,,,,0,,From people_review; raw_person_ids=2232
irvine_jones,Irvine Jones,Irvine Jones,,,,,,,,,,,,,0,,From people_review; raw_person_ids=2245
isaac_bryan,Isaac Bryan,Isaac Bryan,,,,,,,,,,,,,0,,From people_review; raw_person_ids=2711
isaac_hayne,Isaac Hayne &,Isaac Hayne &,,,,,,,,,,,,,0,,"From people_review; raw_person_ids=1612,2077,2088"
isaac_henry,Isaac Henry,Isaac Henry,,,,,,,,,,,,,0,,From people_review; raw_person_ids=2008
isaac_holmes,Isaac Holmes,Isaac Holmes,,,,,,,,,,,,,0,,"From people_review; raw_person_ids=1816,3781"
isaac_taylor,Isaac Taylor,Isaac Taylor,,,,,,,,,,,,,0,,From people_review; raw_person_ids=2981
iva_williams,Iva Williams,Iva Williams,,,,,,,,,,,,,0,,From people_review; raw_person_ids=2888
j_izard_middleton,J. Izard Middleton,J. Izard Middleton,,,,,,,,,,,,,0,,From people_review; raw_person_ids=2708
jack_jenkins,Jack Jenkins,Jack Jenkins,,,,,,,,,,,,,0,,From people_review; raw_person_ids=2375
james_b_campbell,James B. Campbell,James B. Campbell,,,,,,,,,,,,,0,,"From people_review; raw_person_ids=3187,5239"
james_benson,James Benson,James Benson,,,,,,,,,,,,,0,,From people_review; raw_person_ids=2625
james_black,James] Black,James] Black,,,,,,,,,,,,,0,,From people_review; raw_person_ids=1817
james_chesnut,James] Chesnut,James] Chesnut,,,,,,,,,,,,,0,,From people_review; raw_person_ids=3061
james_diament,James Diament,James Diament,,,,,,,,,,,,,0,,From people_review; raw_person_ids=1748
james_edward_henry,James Edward Henry,James Edward Henry,,,,,,,,,,,,,0,,"From people_review; raw_person_ids=2686,4702"
james_farrow,James] Farrow,James] Farrow,,,,,,,,,,,,,0,,From people_review; raw_person_ids=2914
james_h_adams,James H. Adams,James H. Adams,,,,,,,,,,,,,0,,"From people_review; raw_person_ids=2752,4770"
james_h_irby,James H. Irby,James H. Irby,,,,,,,,,,,,,0,,"From people_review; raw_person_ids=1933,3902"
james_h_norwood,James H. Norwood,James H. Norwood,,,,,,,,,,,,,0,,"From people_review; raw_person_ids=3021,5062"
james_h_rion,James H. Rion,James H. Rion,,,,,,,,,,,,,0,,"From people_review; raw_person_ids=2927,4957"
james_harrison,James Harrison,James Harrison,,,,,,,,,,,,,0,,From people_review; raw_person_ids=2291
james_henley,James Henley,James Henley,,,,,,,,,,,,,0,,From people_review; raw_person_ids=3086
james_henry_hammond,James Henry Hammond,James Henry Hammond,,,,,,,,,,,,,0,,"From people_review; raw_person_ids=2986,5026"
james_lawrence_orr,James Lawrence Orr,James Lawrence Orr,,,,,,,,,,,,,0,,"From people_review; raw_person_ids=2004,2190,3975,4169"
james_louis_petigru,James Louis] Petigru & Dr.,James Louis] Petigru & Dr.,,,,,,,,,,,,,0,,"From people_review; raw_person_ids=1691,2298,3651,4281"
james_m_carlisle,James M. Carlisle,James M. Carlisle,,,,,,,,,,,,,0,,"From people_review; raw_person_ids=3180,5231"
james_m_gadberry,James M. Gadberry &,James M. Gadberry &,,,,,,,,,,,,,0,,"From people_review; raw_person_ids=3482,5565"
james_mccullough,James McCullough,James McCullough,,,,,,,,,,,,,0,,From people_review; raw_person_ids=2668
james_moore_wayne,James Moore Wayne,James Moore Wayne,,,,,,,,,,,,,0,,"From people_review; raw_person_ids=2943,4978"
james_ohanlon,James OHanlon,James OHanlon,,,,,,,,,,,,,0,,"From people_review; raw_person_ids=3226,3436,5517"
james_parsons_carroll,James Parsons Carroll,James Parsons Carroll,,,,,,,,,,,,,0,,"From people_review; raw_person_ids=3117,5167"
james_perrin,James Perrin,James Perrin,,,,,,,,,,,,,0,,From people_review; raw_person_ids=1990
james_petigru_boyce,James Petigru Boyce,James Petigru Boyce,,,,,,,,,,,,,0,,"From people_review; raw_person_ids=3332,5401"
james_simmons,James Simmons,James Simmons,,,,,,,,,,,,,0,,"From people_review; raw_person_ids=3191,5243"
james_smith_rhett,James Smith Rhett,James Smith Rhett,,,,,,,,,,,,,0,,"From people_review; raw_person_ids=2771,4791"
james_washington,James Washington,James Washington,,,,,,,,,,,,,0,,From people_review; raw_person_ids=3060
jane_adams,Jane Adams,Jane Adams,,,,,,,,,,,,,0,,From people_review; raw_person_ids=3120
jane_walker,Jane Walker,Jane Walker,,,,,,,,,,,,,0,,From people_review; raw_person_ids=3171
jb_campbell,J.B. Campbell,J.B. Campbell,,,,,,,,,,,,,0,,From people_review; raw_person_ids=2215
jeff_arnold,Jeff Arnold,Jeff Arnold,,,,,,,,,,,,,0,,From people_review; raw_person_ids=3072
jeff_davis,Jeff Davis,Jeff Davis,,,,,,,,,,,,,0,,From people_review; raw_person_ids=2050
jenkins_hammond,Jenkins Hammond,Jenkins Hammond,,,,,,,,,,,,,0,,From people_review; raw_person_ids=1789
jennie_carson,Jennie Carson,Jennie Carson,,,,,,,,,,,,,0,,From people_review; raw_person_ids=2743
jennings_goodlett,Jennings Goodlett,Jennings Goodlett,,,,,,,,,,,,,0,,"From people_review; raw_person_ids=2870,4896"
jesse_r_gary,Jesse R. Gary,Jesse R. Gary,,,,,,,,,,,,,0,,From people_review; raw_person_ids=2649
jesse_westmoreland,Jesse Westmoreland,Jesse Westmoreland,,,,,,,,,,,,,0,,From people_review; raw_person_ids=3068
jesse_youngs,Jesse Youngs,Jesse Youngs,,,,,,,,,,,,,0,,From people_review; raw_person_ids=1983
jh_hammond,J.H. Hammond,J.H. Hammond,,,,,,,,,,,,,0,,From people_review; raw_person_ids=934
ji_middleton,J.I. Middleton,J.I. Middleton,,,,,,,,,,,,,0,,From people_review; raw_person_ids=3253
jim_mays,Jim Mays,Jim Mays,,,,,,,,,,,,,0,,From people_review; raw_person_ids=2433
jim_mcdaniel,Jim McDaniel,Jim McDaniel,,,,,,,,,,,,,0,,From people_review; raw_person_ids=3067
jim_moore,Jim Moore,Jim Moore,,,,,,,,,,,,,0,,From people_review; raw_person_ids=2636
jinny_lind,Jinny Lind,Jinny Lind,,,,,,,,,,,,,0,,From people_review; raw_person_ids=3064
jl_orr,J.L. Orr,J.L. Orr,,,,,,,,,,,,,0,,From people_review; raw_person_ids=936
joab_mauldin,Joab Mauldin,Joab Mauldin,,,,,,,,,,,,,0,,"From people_review; raw_person_ids=2408,2618"
joe_ferguson,Joe Ferguson,Joe Ferguson,,,,,,,,,,,,,0,,From people_review; raw_person_ids=1977
joe_longs,Joe Longs,Joe Longs,,,,,,,,,,,,,0,,From people_review; raw_person_ids=2851
joe_mccullough,Joe McCullough,Joe McCullough,,,,,,,,,,,,,0,,From people_review; raw_person_ids=3444
joel_ketchum,Joel Ketchum,Joel Ketchum,,,,,,,,,,,,,0,,From people_review; raw_person_ids=1980
joel_roberts_poinsett,{Joel Roberts] Poinsett,{Joel Roberts] Poinsett,,,,,,,,,,,,,0,,"From people_review; raw_person_ids=2137,4111"
john_a_inglis,John A. Inglis,John A. Inglis,,,,,,,,,,,,,0,,From people_review; raw_person_ids=3175
john_a_quitman,John A. Quitman,John A. Quitman,,,,,,,,,,,,,0,,"From people_review; raw_person_ids=1998,3969"
john_adams_dix,John Adams Dix,John Adams Dix,,,,,,,,,,,,,0,,"From people_review; raw_person_ids=1750,3711"
john_algernon_sidney,John Algernon Sidney,John Algernon Sidney,,,,,,,,,,,,,0,,"From people_review; raw_person_ids=3169,5221"
john_ashe_alston,John Ashe Alston,John Ashe Alston,,,,,,,,,,,,,0,,From people_review; raw_person_ids=2053
john_baird,John Baird,John Baird,,,,,,,,,,,,,0,,From people_review; raw_person_ids=2941
john_baldwin,John Baldwin,John Baldwin,,,,,,,,,,,,,0,,From people_review; raw_person_ids=2913
john_bauskett,John Bauskett,John Bauskett,,,,,,,,,,,,,0,,"From people_review; raw_person_ids=3303,3501,5365,5584"
john_belton,John Belton,John Belton,,,,,,,,,,,,,0,,"From people_review; raw_person_ids=2427,2471"
john_bradly,John Bradly,John Bradly,,,,,,,,,,,,,0,,From people_review; raw_person_ids=2130
john_c_calhoun,John C. Calhoun,John C. Calhoun,,,,,,,,,,,,,0,,"From people_review; raw_person_ids=2000,3013"
john_c_norriss,John C.  Norriss,John C.  Norriss,,,,,,,,,,,,,0,,"From people_review; raw_person_ids=1560,3519"
john_charles_mcclenaghan,John Charles McClenaghan,John Charles McClenaghan,,,,,,,,,,,,,0,,"From people_review; raw_person_ids=3206,5259"
john_cunningham,John Cunningham,John Cunningham,,,,,,,,,,,,,0,,From people_review; raw_person_ids=1894
john_davis,John Davis,John Davis,,,,,,,,,,,,,0,,"From people_review; raw_person_ids=1751,3712"
john_durant_ashmore,John Durant Ashmore,John Durant Ashmore,,,,,,,,,,,,,0,,"From people_review; raw_person_ids=1926,3895"
john_e_norris,John E. Norris,John E. Norris,,,,,,,,,,,,,0,,From people_review; raw_person_ids=2863
john_etienne,John Etienne,John Etienne,,,,,,,,,,,,,0,,From people_review; raw_person_ids=3002
john_ferguson,John Ferguson,John Ferguson,,,,,,,,,,,,,0,,From people_review; raw_person_ids=2432
john_fowler,John Fowler,John Fowler,,,,,,,,,,,,,0,,From people_review; raw_person_ids=1905
john_h_harrisons,John H. Harrisons,John H. Harrisons,,,,,,,,,,,,,0,,From people_review; raw_person_ids=2953
john_hughson,John Hughson,John Hughson,,,,,,,,,,,,,0,,From people_review; raw_person_ids=2306
john_izard_middleton,[John Izard] Middleton,[John Izard] Middleton,,,,,,,,,,,,,0,,"From people_review; raw_person_ids=2316,4668"
john_j_crittenden,John J. Crittenden,John J. Crittenden,,,,,,,,,,,,,0,,"From people_review; raw_person_ids=1819,3784"
john_jones,John Jones,John Jones,,,,,,,,,,,,,0,,From people_review; raw_person_ids=2089
john_l_manning,John L. Manning,John L. Manning,,,,,,,,,,,,,0,,"From people_review; raw_person_ids=2361,5214"
john_latimer_westmoreland,John Latimer Westmoreland,John Latimer Westmoreland,,,,,,,,,,,,,0,,"From people_review; raw_person_ids=2513,4515"
john_leconte,John LeConte,John LeConte,,,,,,,,,,,,,0,,From people_review; raw_person_ids=1733
john_ligon,John Ligon,John Ligon,,,,,,,,,,,,,0,,From people_review; raw_person_ids=2988
john_livingston,[John] Livingston,[John] Livingston,,,,,,,,,,,,,0,,"From people_review; raw_person_ids=2363,4360,4835"
john_marshal,John Marshal,John Marshal,,,,,,,,,,,,,0,,From people_review; raw_person_ids=3030
john_maxwell,John Maxwell,John Maxwell,,,,,,,,,,,,,0,,From people_review; raw_person_ids=2783
john_mccoll,John McColl,John McColl,,,,,,,,,,,,,0,,From people_review; raw_person_ids=2116
john_p_richardson,John P. Richardson,John P. Richardson,,,,,,,,,,,,,0,,"From people_review; raw_person_ids=2280,4262"
john_perry,John Perry,John Perry,,,,,,,,,,,,,0,,"From people_review; raw_person_ids=2716,3438"
john_peter_richardson,John Peter Richardson,John Peter Richardson,,,,,,,,,,,,,0,,"From people_review; raw_person_ids=2470,4470"
john_pettit,[John] Pettit,[John] Pettit,,,,,,,,,,,,,0,,"From people_review; raw_person_ids=3292,5411"
john_preston,John Preston,John Preston,,,,,,,,,,,,,0,,"From people_review; raw_person_ids=1609,2854,4567"
john_q_adams,John Q. Adams,John Q. Adams,,,,,,,,,,,,,0,,From people_review; raw_person_ids=1621
john_reeds,John Reeds,John Reeds,,,,,,,,,,,,,0,,From people_review; raw_person_ids=2728
john_s_preston,John S. Preston,John S. Preston,,,,,,,,,,,,,0,,From people_review; raw_person_ids=2516
john_smyth_richardson,John Smyth Richardson,John Smyth Richardson,,,,,,,,,,,,,0,,"From people_review; raw_person_ids=2134,4107"
john_t_hoffman,John T. Hoffman,John T. Hoffman,,,,,,,,,,,,,0,,"From people_review; raw_person_ids=2933,4963"
john_t_sloan,John T. Sloan,John T. Sloan,,,,,,,,,,,,,0,,From people_review; raw_person_ids=3383
john_van_buren,John Van Buren,John Van Buren,,,,,,,,,,,,,0,,From people_review; raw_person_ids=2104
john_watson,John Watson,John Watson,,,,,,,,,,,,,0,,From people_review; raw_person_ids=2909
john_westfield,John Westfield,John Westfield,,,,,,,,,,,,,0,,From people_review; raw_person_ids=2850
john_wickliffe_stokes,John Wickliffe Stokes,John Wickliffe Stokes,,,,,,,,,,,,,0,,"From people_review; raw_person_ids=2847,4871"
jordan_pool,Jordan Pool,Jordan Pool,,,,,,,,,,,,,0,,From people_review; raw_person_ids=2906
joseph_daniel_pope,Joseph Daniel Pope,Joseph Daniel Pope,,,,,,,,,,,,,0,,From people_review; raw_person_ids=2622
joseph_duncan,Joseph Duncan,Joseph Duncan,,,,,,,,,,,,,0,,From people_review; raw_person_ids=3018
joseph_h_bradley,Joseph H. Bradley &,Joseph H. Bradley &,,,,,,,,,,,,,0,,"From people_review; raw_person_ids=3181,5232"
joseph_leconte,Joseph LeConte,Joseph LeConte,,,,,,,,,,,,,0,,"From people_review; raw_person_ids=3264,3434"
joseph_n_whitner,Joseph N. Whitner,Joseph N. Whitner,,,,,,,,,,,,,0,,"From people_review; raw_person_ids=2006,3977"
joseph_newton,Joseph Newton,Joseph Newton,,,,,,,,,,,,,0,,From people_review; raw_person_ids=1755
joseph_powell,Joseph Powell,Joseph Powell,,,,,,,,,,,,,0,,From people_review; raw_person_ids=3157
joseph_woodward,Joseph Woodward,Joseph Woodward,,,,,,,,,,,,,0,,"From people_review; raw_person_ids=1818,3783"
josiah_b_perry,Josiah B. Perry,Josiah B. Perry,,,,,,,,,,,,,0,,From people_review; raw_person_ids=2439
josiah_james_evans,Josiah James Evans,Josiah James Evans,,,,,,,,,,,,,0,,"From people_review; raw_person_ids=2772,4792"
julia_a_hext,Julia A. Hext,Julia A. Hext,,,,,,,,,,,,,0,,"From people_review; raw_person_ids=1913,3881"
justine_dunkin,Justine Dunkin,Justine Dunkin,,,,,,,,,,,,,0,,From people_review; raw_person_ids=2074
lawrence_m_keitt,Lawrence M. Keitt,Lawrence M. Keitt,,,,,,,,,,,,,0,,"From people_review; raw_person_ids=2337,4325"
lewis_cass,[Lewis] Cass,[Lewis] Cass,,,,,,,,,,,,,0,,"From people_review; raw_person_ids=2836,4858"
lewis_moonwent,Lewis Moonwent,Lewis Moonwent,,,,,,,,,,,,,0,,From people_review; raw_person_ids=2497
lida_mckay,Lida McKay,Lida McKay,,,,,,,,,,,,,0,,From people_review; raw_person_ids=2722
lizzie_r_smith,Lizzie R. Smith,Lizzie R. Smith,,,,,,,,,,,,,0,,"From people_review; raw_person_ids=2709,3098"
louis_trezevant_wigfall,Louis Trezevant Wigfall,Louis Trezevant Wigfall,,,,,,,,,,,,,0,,"From people_review; raw_person_ids=3461,5543"
lula_leconte,Lula LeConte,Lula LeConte,,,,,,,,,,,,,0,,From people_review; raw_person_ids=2784
luther_mcbee,Luther McBee,Luther McBee,,,,,,,,,,,,,0,,From people_review; raw_person_ids=1693
lynn_watsons,Lynn Watsons,Lynn Watsons,,,,,,,,,,,,,0,,From people_review; raw_person_ids=2706
martha_calhoun,Martha Calhoun,Martha Calhoun,,,,,,,,,,,,,0,,From people_review; raw_person_ids=2313
martin_clerk,Martin Clerk,Martin Clerk,,,,,,,,,,,,,0,,"From people_review; raw_person_ids=2224,4203"
martin_edwards,Martin Edwards,Martin Edwards,,,,,,,,,,,,,0,,From people_review; raw_person_ids=3154
mary_adams,Mary Adams,Mary Adams,,,,,,,,,,,,,0,,From people_review; raw_person_ids=1920
mary_cleveland,Mary Cleveland,Mary Cleveland,,,,,,,,,,,,,0,,From people_review; raw_person_ids=2247
mary_dillon,Mary Dillon,Mary Dillon,,,,,,,,,,,,,0,,From people_review; raw_person_ids=3409
mary_hardin,Mary Hardin,Mary Hardin,,,,,,,,,,,,,0,,From people_review; raw_person_ids=2946
mary_jones,Mary Jones,Mary Jones,,,,,,,,,,,,,0,,From people_review; raw_person_ids=2848
mary_mauldin,Mary Mauldin,Mary Mauldin,,,,,,,,,,,,,0,,"From people_review; raw_person_ids=2349,3212"
mary_mauldin_betty,Mary Mauldin Betty,Mary Mauldin Betty,,,,,,,,,,,,,0,,From people_review; raw_person_ids=3492
mary_mccall,Mary McCall,Mary McCall,,,,,,,,,,,,,0,,From people_review; raw_person_ids=2085
mary_mclain,Mary McLain,Mary McLain,,,,,,,,,,,,,0,,From people_review; raw_person_ids=2912
mathew_williams,Mathew Williams,Mathew Williams,,,,,,,,,,,,,0,,From people_review; raw_person_ids=3400
miles_norton,Miles Norton,Miles Norton,,,,,,,,,,,,,0,,From people_review; raw_person_ids=3158
nat_butler,Nat Butler,Nat Butler,,,,,,,,,,,,,0,,From people_review; raw_person_ids=3311
nat_heyward,Nat Heyward,Nat Heyward,,,,,,,,,,,,,0,,From people_review; raw_person_ids=3478
nathaniel_morgan,Nathaniel Morgan,Nathaniel Morgan,,,,,,,,,,,,,0,,"From people_review; raw_person_ids=2512,4514"
nathaniel_ridley,Nathaniel Ridley,Nathaniel Ridley,,,,,,,,,,,,,0,,From people_review; raw_person_ids=1997
olin_miller_dantzler,Olin Miller Dantzler,Olin Miller Dantzler,,,,,,,,,,,,,0,,"From people_review; raw_person_ids=2596,4604"
oliver_evans_edwards,Oliver Evans Edwards,Oliver Evans Edwards,,,,,,,,,,,,,0,,"From people_review; raw_person_ids=2915,4945"
oliver_h_perry,Oliver H. Perry,Oliver H. Perry,,,,,,,,,,,,,0,,From people_review; raw_person_ids=3352
oscar_mauldin,Oscar Mauldin,Oscar Mauldin,,,,,,,,,,,,,0,,From people_review; raw_person_ids=2984
ozey_robert_broyles,Ozey Robert Broyles,Ozey Robert Broyles,,,,,,,,,,,,,0,,From people_review; raw_person_ids=1680
pamela_cunningham,Pamela Cunningham,Pamela Cunningham,,,,,,,,,,,,,0,,"From people_review; raw_person_ids=2598,4886"
patrick_cleburne,Patrick Cleburne,Patrick Cleburne,,,,,,,,,,,,,0,,"From people_review; raw_person_ids=3335,5405"
patrick_nelson_lynch,Patrick Nelson Lynch,Patrick Nelson Lynch,,,,,,,,,,,,,0,,From people_review; raw_person_ids=3369
paul_hayne,Paul Hayne,Paul Hayne,,,,,,,,,,,,,0,,From people_review; raw_person_ids=2789
pauline_ware,Pauline Ware,Pauline Ware,,,,,,,,,,,,,0,,From people_review; raw_person_ids=3443
perry_emory_duncan,Perry Emory] Duncan,Perry Emory] Duncan,,,,,,,,,,,,,0,,"From people_review; raw_person_ids=2169,2244,2894,4921"
perry_leaphart,Perry Leaphart,Perry Leaphart,,,,,,,,,,,,,0,,From people_review; raw_person_ids=2936
peter_cauble,Peter Cauble,Peter Cauble,,,,,,,,,,,,,0,,"From people_review; raw_person_ids=2616,2948"
peter_shand,Peter Shand,Peter Shand,,,,,,,,,,,,,0,,"From people_review; raw_person_ids=3128,5180"
peter_stokes,Peter Stokes,Peter Stokes,,,,,,,,,,,,,0,,"From people_review; raw_person_ids=2788,4809"
pierce_williamson,Pierce Williamson,Pierce Williamson,,,,,,,,,,,,,0,,From people_review; raw_person_ids=2086
pleasant_jenkins,Pleasant Jenkins,Pleasant Jenkins,,,,,,,,,,,,,0,,From people_review; raw_person_ids=2153
powell_mccray,Powell McCray,Powell McCray,,,,,,,,,,,,,0,,From people_review; raw_person_ids=2011
preston_brooks,Preston Brooks,Preston Brooks,,,,,,,,,,,,,0,,From people_review; raw_person_ids=1919
queen_victorias,Queen Victorias,Queen Victorias,,,,,,,,,,,,,0,,From people_review; raw_person_ids=3300
quitman_keitt,Quitman Keitt,Quitman Keitt,,,,,,,,,,,,,0,,From people_review; raw_person_ids=3280
ramon_pearson,Ramon Pearson,Ramon Pearson,,,,,,,,,,,,,0,,From people_review; raw_person_ids=2825
randall_croft,Randall Croft,Randall Croft,,,,,,,,,,,,,0,,"From people_review; raw_person_ids=3124,3476"
randall_hunt,Randall Hunt,Randall Hunt,,,,,,,,,,,,,0,,"From people_review; raw_person_ids=1874,1886"
ransom_calhoun,Ransom Calhoun,Ransom Calhoun,,,,,,,,,,,,,0,,From people_review; raw_person_ids=2956
richard_detreville,Richard] DeTreville,Richard] DeTreville,,,,,,,,,,,,,0,,"From people_review; raw_person_ids=2896,4923"
richard_f_simpson,Richard F. Simpson,Richard F. Simpson,,,,,,,,,,,,,0,,"From people_review; raw_person_ids=1815,3780"
richard_freeman,Richard Freeman,Richard Freeman,,,,,,,,,,,,,0,,From people_review; raw_person_ids=2043
richard_harrison,Richard Harrison,Richard Harrison,,,,,,,,,,,,,0,,From people_review; raw_person_ids=2964
richard_singleton,Richard Singleton,Richard Singleton,,,,,,,,,,,,,0,,From people_review; raw_person_ids=3087
richard_stobo,Richard Stobo,Richard Stobo,,,,,,,,,,,,,0,,From people_review; raw_person_ids=1896
richard_stone,Richard Stone,Richard Stone,,,,,,,,,,,,,0,,From people_review; raw_person_ids=1716
robert_barnwell,Robert Barnwell,Robert Barnwell,,,,,,,,,,,,,0,,"From people_review; raw_person_ids=2437,5067"
robert_bentham,Robert Bentham,Robert Bentham,,,,,,,,,,,,,0,,From people_review; raw_person_ids=3417
robert_brown_elliott,Robert Brown Elliott,Robert Brown Elliott,,,,,,,,,,,,,0,,"From people_review; raw_person_ids=2824,4846"
robert_cunningham,Robert Cunningham,Robert Cunningham,,,,,,,,,,,,,0,,From people_review; raw_person_ids=3459
robert_duncan,Robert Duncan,Robert Duncan,,,,,,,,,,,,,0,,From people_review; raw_person_ids=2777
robert_foster,Robert Foster,Robert Foster,,,,,,,,,,,,,0,,From people_review; raw_person_ids=1853
robert_francis_withers,Robert Francis Withers,Robert Francis Withers,,,,,,,,,,,,,0,,From people_review; raw_person_ids=2399
robert_goodloe_harper,Robert Goodloe Harper,Robert Goodloe Harper,,,,,,,,,,,,,0,,From people_review; raw_person_ids=3351
robert_harris,Robert Harris,Robert Harris,,,,,,,,,,,,,0,,From people_review; raw_person_ids=2990
robert_maxwell,Robert Maxwell,Robert Maxwell,,,,,,,,,,,,,0,,From people_review; raw_person_ids=2646
robert_mckay,Robert McKay,Robert McKay,,,,,,,,,,,,,0,,From people_review; raw_person_ids=1687
robert_pool,Robert Pool,Robert Pool,,,,,,,,,,,,,0,,From people_review; raw_person_ids=2769
robert_thurston,Robert Thurston,Robert Thurston,,,,,,,,,,,,,0,,From people_review; raw_person_ids=3289
robert_wilson,Robert Wilson,Robert Wilson,,,,,,,,,,,,,0,,From people_review; raw_person_ids=2286
rufus_johnston,Rufus Johnston,Rufus Johnston,,,,,,,,,,,,,0,,From people_review; raw_person_ids=3265
russell_middleton,Russell Middleton,Russell Middleton,,,,,,,,,,,,,0,,"From people_review; raw_person_ids=2440,4438"
sallie_martin,Sallie Martin,Sallie Martin,,,,,,,,,,,,,0,,From people_review; raw_person_ids=1880
sally_crook,Sally Crook,Sally Crook,,,,,,,,,,,,,0,,From people_review; raw_person_ids=2239
sally_taylor,Sally Taylor,Sally Taylor,,,,,,,,,,,,,0,,From people_review; raw_person_ids=3205
sally_thompson,Sally Thompson,Sally Thompson,,,,,,,,,,,,,0,,From people_review; raw_person_ids=1912
sam_jones,Sam Jones,Sam Jones,,,,,,,,,,,,,0,,From people_review; raw_person_ids=3502
sam_mauldin,Sam Mauldin,Sam Mauldin,,,,,,,,,,,,,0,,From people_review; raw_person_ids=2407
sam_mcclanahan,Sam McClanahan,Sam McClanahan,,,,,,,,,,,,,0,,From people_review; raw_person_ids=2110
sam_townes,Sam Townes,Sam Townes,,,,,,,,,,,,,0,,From people_review; raw_person_ids=2844
samuel_earle,Samuel Earle,Samuel Earle,,,,,,,,,,,,,0,,"From people_review; raw_person_ids=2414,2463,2898"
samuel_henry_dickson,Samuel Henry Dickson,Samuel Henry Dickson,,,,,,,,,,,,,0,,"From people_review; raw_person_ids=1892,3860"
samuel_hoar,Samuel] Hoar,Samuel] Hoar,,,,,,,,,,,,,0,,"From people_review; raw_person_ids=2412,4409"
samuel_mcailey,Samuel McAiley,Samuel McAiley,,,,,,,,,,,,,0,,From people_review; raw_person_ids=1682
samuel_mcgowan,Samuel McGowan,Samuel McGowan,,,,,,,,,,,,,0,,"From people_review; raw_person_ids=1676,3636"
samuel_rogers,Samuel Rogers,Samuel Rogers,,,,,,,,,,,,,0,,"From people_review; raw_person_ids=2355,4348"
simon_turner,Simon Turner,Simon Turner,,,,,,,,,,,,,0,,From people_review; raw_person_ids=2785
spartan_d_goodlett,Spartan D. Goodlett,Spartan D. Goodlett,,,,,,,,,,,,,0,,"From people_review; raw_person_ids=2238,2702,3153"
stephen_decatur,Stephen Decatur,Stephen Decatur,,,,,,,,,,,,,0,,"From people_review; raw_person_ids=2839,4861"
stephen_elliott,Stephen Elliott,Stephen Elliott,,,,,,,,,,,,,0,,From people_review; raw_person_ids=2066
stokes_beattie,Stokes Beattie,Stokes Beattie,,,,,,,,,,,,,0,,From people_review; raw_person_ids=2548
strawberry_pies,strawberry pies,strawberry pies,,,,,,,,,,,,,0,,From people_review; raw_person_ids=2253
sue_hoke,Sue Hoke,Sue Hoke,,,,,,,,,,,,,0,,From people_review; raw_person_ids=2585
susan_b_mccoll,Susan B. McColl,Susan B. McColl,,,,,,,,,,,,,0,,From people_review; raw_person_ids=2578
susan_hayne,Susan Hayne,Susan Hayne,,,,,,,,,,,,,0,,From people_review; raw_person_ids=2794
susan_hoke,Susan Hoke,Susan Hoke,,,,,,,,,,,,,0,,"From people_review; raw_person_ids=2395,2541"
susan_perry,Susan Perry,Susan Perry,,,,,,,,,,,,,0,,From people_review; raw_person_ids=3000
suzanne_mandeville_sparks,Suzanne Mandeville Sparks,Suzanne Mandeville Sparks,,,,,,,,,,,,,0,,"From people_review; raw_person_ids=1841,3807"
tandy_walker,Tandy Walker,Tandy Walker,,,,,,,,,,,,,0,,From people_review; raw_person_ids=1613
tench_carson,Tench Carson,Tench Carson,,,,,,,,,,,,,0,,From people_review; raw_person_ids=2112
tench_corson,Tench Corson,Tench Corson,,,,,,,,,,,,,0,,From people_review; raw_person_ids=3167
tench_cox,Tench Cox,Tench Cox,,,,,,,,,,,,,0,,From people_review; raw_person_ids=2392
tench_pool,Tench Pool,Tench Pool,,,,,,,,,,,,,0,,From people_review; raw_person_ids=1803
terry_edwards,Terry Edwards,Terry Edwards,,,,,,,,,,,,,0,,From people_review; raw_person_ids=2819
theodore_croft,Theodore Croft,Theodore Croft,,,,,,,,,,,,,0,,From people_review; raw_person_ids=2792
theodore_dehon,Theodore Dehon,Theodore Dehon,,,,,,,,,,,,,0,,From people_review; raw_person_ids=2096
theodore_gourdine,Theodore Gourdine,Theodore Gourdine,,,,,,,,,,,,,0,,From people_review; raw_person_ids=3168
thomas_a_hendricks,Thomas A. Hendricks,Thomas A. Hendricks,,,,,,,,,,,,,0,,"From people_review; raw_person_ids=2932,4962"
thomas_butler,Thomas Butler,Thomas Butler,,,,,,,,,,,,,0,,From people_review; raw_person_ids=1823
thomas_case,Thomas Case,Thomas Case,,,,,,,,,,,,,0,,From people_review; raw_person_ids=3500
thomas_dawkins,Thomas Dawkins,Thomas Dawkins,,,,,,,,,,,,,0,,"From people_review; raw_person_ids=2753,4771"
thomas_edwin_ware,Thomas E.] Ware,Thomas E.] Ware,,,,,,,,,,,,,0,,From people_review; raw_person_ids=2136
thomas_gowen,Thomas Gowen,Thomas Gowen,,,,,,,,,,,,,0,,From people_review; raw_person_ids=2775
thomas_jefferson,Thomas Jefferson,Thomas Jefferson,,,,,,,,,,,,,0,,From people_review; raw_person_ids=3405
thomas_jefferson_withers,Thomas Jefferson Withers,Thomas Jefferson Withers,,,,,,,,,,,,,0,,From people_review; raw_person_ids=3085
thomas_martin_wagner,[Thomas Martin] Wagner,[Thomas Martin] Wagner,,,,,,,,,,,,,0,,"From people_review; raw_person_ids=1921,3890"
thomas_nuckolls_dawkins,Thomas Nuckolls Dawkins,Thomas Nuckolls Dawkins,,,,,,,,,,,,,0,,"From people_review; raw_person_ids=2762,4782"
thomas_roberts,Thomas Roberts,Thomas Roberts,,,,,,,,,,,,,0,,From people_review; raw_person_ids=3184
thomas_stephen,[Thomas Stephen],[Thomas Stephen],,,,,,,,,,,,,0,,"From people_review; raw_person_ids=3109,5158"
thomas_thurston,Thomas Thurston,Thomas Thurston,,,,,,,,,,,,,0,,From people_review; raw_person_ids=2642
thomas_worth_glover,Thomas Worth Glover,Thomas Worth Glover,,,,,,,,,,,,,0,,"From people_review; raw_person_ids=2505,4507"
thompson_earle,Thompson Earle,Thompson Earle,,,,,,,,,,,,,0,,From people_review; raw_person_ids=1986
tom_adams,Tom Adams,Tom Adams,,,,,,,,,,,,,0,,From people_review; raw_person_ids=2309
tom_beattie,Tom Beattie,Tom Beattie,,,,,,,,,,,,,0,,From people_review; raw_person_ids=3346
tom_butler,Tom Butler,Tom Butler,,,,,,,,,,,,,0,,"From people_review; raw_person_ids=1964,3135"
tom_earle,Tom Earle,Tom Earle,,,,,,,,,,,,,0,,From people_review; raw_person_ids=3345
tom_jones,Tom Jones,Tom Jones,,,,,,,,,,,,,0,,From people_review; raw_person_ids=2448
tom_long,Tom Long,Tom Long,,,,,,,,,,,,,0,,From people_review; raw_person_ids=3343
tom_pickens,Tom Pickens,Tom Pickens,,,,,,,,,,,,,0,,From people_review; raw_person_ids=3231
tom_poe,Tom Poe,Tom Poe,,,,,,,,,,,,,0,,From people_review; raw_person_ids=2314
tom_thompson,Tom Thompson,Tom Thompson,,,,,,,,,,,,,0,,"From people_review; raw_person_ids=3014,3387"
tom_thumb,Tom Thumb,Tom Thumb,,,,,,,,,,,,,0,,From people_review; raw_person_ids=2206
tom_thurston,Tom Thurston,Tom Thurston,,,,,,,,,,,,,0,,From people_review; raw_person_ids=3015
tommy_arthur,Tommy Arthur,Tommy Arthur,,,,,,,,,,,,,0,,From people_review; raw_person_ids=1643
tully_bolling,Tully Bolling,Tully Bolling,,,,,,,,,,,,,0,,From people_review; raw_person_ids=2434
w_gilmore_simms,W. Gilmore Simms,W. Gilmore Simms,,,,,,,,,,,,,0,,From people_review; raw_person_ids=2531
wa_mcdaniel,W.A. McDaniel,W.A. McDaniel,,,,,,,,,,,,,0,,From people_review; raw_person_ids=2699
waddy_thompson,Waddy Thompson,Waddy Thompson,,,,,,,,,,,,,0,,From people_review; raw_person_ids=2371
waddy_williams,Waddy Williams,Waddy Williams,,,,,,,,,,,,,0,,From people_review; raw_person_ids=1734
wade_hampton,Wade Hampton,Wade Hampton,,,,,,,,,,,,,0,,From people_review; raw_person_ids=1868
wade_hampton_jr,Wade Hampton Jr.,Wade Hampton Jr.,,,,,,,,,,,,,0,,From people_review; raw_person_ids=2582
wallace_thompson,Wallace Thompson,Wallace Thompson,,,,,,,,,,,,,0,,From people_review; raw_person_ids=2167
waller_r_lane,Waller R. Lane,Waller R. Lane,,,,,,,,,,,,,0,,From people_review; raw_person_ids=2643
warren_davis,Warren Davis,Warren Davis,,,,,,,,,,,,,0,,From people_review; raw_person_ids=1958
waverly_stairly,Waverly Stairly,Waverly Stairly,,,,,,,,,,,,,0,,From people_review; raw_person_ids=3065
wc_preston,W.C. Preston,W.C. Preston,,,,,,,,,,,,,0,,From people_review; raw_person_ids=2533
wellborn_perry,Wellborn Perry,Wellborn Perry,,,,,,,,,,,,,0,,From people_review; raw_person_ids=2766
wes_cary,Wes Cary,Wes Cary,,,,,,,,,,,,,0,,From people_review; raw_person_ids=2481
whiteford_smith,Whiteford Smith,Whiteford Smith,,,,,,,,,,,,,0,,From people_review; raw_person_ids=2436
whitemarsh_b_seabrook,Whitemarsh B. Seabrook,Whitemarsh B. Seabrook,,,,,,,,,,,,,0,,From people_review; raw_person_ids=2165
will_butler,Will Butler,Will Butler,,,,,,,,,,,,,0,,From people_review; raw_person_ids=2121
will_coxs,Will Coxs,Will Coxs,,,,,,,,,,,,,0,,From people_review; raw_person_ids=2721
william_a_williams,William A. Williams,William A. Williams,,,,,,,,,,,,,0,,From people_review; raw_person_ids=2859
william_adolphus_mooney,William Adolphus Mooney &,William Adolphus Mooney &,,,,,,,,,,,,,0,,"From people_review; raw_person_ids=2511,4513,4870"
william_aiken,William] Aiken,William] Aiken,,,,,,,,,,,,,0,,"From people_review; raw_person_ids=1674,4926"
william_alexander_rosborough,[William Alexander] Rosborough,[William Alexander] Rosborough,,,,,,,,,,,,,0,,"From people_review; raw_person_ids=2780,4800"
william_blanding,[William] Blanding,[William] Blanding,,,,,,,,,,,,,0,,"From people_review; raw_person_ids=2557,4563"
william_butler,William Butlers,William Butlers,,,,,,,,,,,,,0,,"From people_review; raw_person_ids=2062,3350"
william_c_preston,William C. Preston,William C. Preston,,,,,,,,,,,,,0,,From people_review; raw_person_ids=1679
william_calhoun,William Calhoun,William Calhoun,,,,,,,,,,,,,0,,From people_review; raw_person_ids=2484
william_campbell,William Campbell,William Campbell,,,,,,,,,,,,,0,,From people_review; raw_person_ids=2467
william_dalrymple_johnson,William Dalrymple Johnson,William Dalrymple Johnson,,,,,,,,,,,,,0,,"From people_review; raw_person_ids=3195,5247"
william_dunlap,William Dunlap,William Dunlap,,,,,,,,,,,,,0,,From people_review; raw_person_ids=1835
william_dunlap_simpson,William Dunlap Simpson,William Dunlap Simpson,,,,,,,,,,,,,0,,"From people_review; raw_person_ids=3281,5343"
william_easley,William Easley,William Easley,,,,,,,,,,,,,0,,"From people_review; raw_person_ids=2555,4561"
william_edward,William Edward,William Edward,,,,,,,,,,,,,0,,"From people_review; raw_person_ids=2453,3395"
william_elliot,William Elliot,William Elliot,,,,,,,,,,,,,0,,From people_review; raw_person_ids=2114
william_elliott,William Elliott,William Elliott,,,,,,,,,,,,,0,,From people_review; raw_person_ids=3236
william_faber,William] Faber,William] Faber,,,,,,,,,,,,,0,,"From people_review; raw_person_ids=3506,5589"
william_ferguson,William Ferguson,William Ferguson,,,,,,,,,,,,,0,,From people_review; raw_person_ids=1675
william_ford,William Ford,William Ford,,,,,,,,,,,,,0,,From people_review; raw_person_ids=2997
william_fuller,William Fuller,William Fuller,,,,,,,,,,,,,0,,From people_review; raw_person_ids=2545
william_gilmore_simms,William Gilmore Simms,William Gilmore Simms,,,,,,,,,,,,,0,,"From people_review; raw_person_ids=3337,5407"
william_h_perry,William H. Perry,William H. Perry,,,,,,,,,,,,,0,,From people_review; raw_person_ids=1223
william_h_thomas,William H. Thomas,William H. Thomas,,,,,,,,,,,,,0,,"From people_review; raw_person_ids=3460,5542"
william_hayne_perry,William Hayne Perry,William Hayne Perry,,,,,,,,,,,,,0,,From people_review; raw_person_ids=802
william_hc_whiting,William H.C. Whiting,William H.C. Whiting,,,,,,,,,,,,,0,,"From people_review; raw_person_ids=3049,5093"
william_henry_foote,William Henry Foote,William Henry Foote,,,,,,,,,,,,,0,,"From people_review; raw_person_ids=1878,3845"
william_henry_millburns,William Henry Millburns,William Henry Millburns,,,,,,,,,,,,,0,,"From people_review; raw_person_ids=3290,5352"
william_henry_white,William Henry White,William Henry White,,,,,,,,,,,,,0,,From people_review; raw_person_ids=2483
william_j_hardee,William J. Hardee,William J. Hardee,,,,,,,,,,,,,0,,"From people_review; raw_person_ids=1739,3700"
william_jacobs,William Jacobs,William Jacobs,,,,,,,,,,,,,0,,From people_review; raw_person_ids=3213
william_john_grayson,William John Grayson,William John Grayson,,,,,,,,,,,,,0,,"From people_review; raw_person_ids=3341,5412"
william_johnson,William Johnson,William Johnson,,,,,,,,,,,,,0,,From people_review; raw_person_ids=2098
william_l_yancey,William L. Yancey,William L. Yancey,,,,,,,,,,,,,0,,"From people_review; raw_person_ids=2924,4954"
william_lawton,William Lawton,William Lawton,,,,,,,,,,,,,0,,From people_review; raw_person_ids=3354
william_lewis_sharkey,William Lewis Sharkey,William Lewis Sharkey,,,,,,,,,,,,,0,,"From people_review; raw_person_ids=1875,3842"
william_lowndes,[William Lowndes],[William Lowndes],,,,,,,,,,,,,0,,"From people_review; raw_person_ids=1744,3705"
william_lyles,William Lyles,William Lyles,,,,,,,,,,,,,0,,From people_review; raw_person_ids=2919
william_martin,William Martin,William Martin,,,,,,,,,,,,,0,,From people_review; raw_person_ids=2452
william_mauldins,William Mauldins,William Mauldins,,,,,,,,,,,,,0,,From people_review; raw_person_ids=2526
william_mccreight,William McCreight,William McCreight,,,,,,,,,,,,,0,,From people_review; raw_person_ids=2489
william_mills,William Mills,William Mills,,,,,,,,,,,,,0,,From people_review; raw_person_ids=1602
william_orlando,William Orlando,William Orlando,,,,,,,,,,,,,0,,"From people_review; raw_person_ids=2835,4857"
william_perry,William Perry,William Perry,,,,,,,,,,,,,0,,From people_review; raw_person_ids=56
william_pierce_price,William Pierce Price,William Pierce Price,,,,,,,,,,,,,0,,"From people_review; raw_person_ids=3333,5402"
william_pinckney,William Pinckney,William Pinckney,,,,,,,,,,,,,0,,From people_review; raw_person_ids=2895
william_r_taber,William R. Taber,William R. Taber,,,,,,,,,,,,,0,,"From people_review; raw_person_ids=1725,2506,3685,4508"
william_rowland,William Rowland,William Rowland,,,,,,,,,,,,,0,,From people_review; raw_person_ids=1824
william_s_archer,William S. Archer,William S. Archer,,,,,,,,,,,,,0,,"From people_review; raw_person_ids=1820,3785"
william_segar,William Segar,William Segar,,,,,,,,,,,,,0,,From people_review; raw_person_ids=1752
william_sidney_mullins,William Sidney Mullins,William Sidney Mullins,,,,,,,,,,,,,0,,"From people_review; raw_person_ids=2490,4492"
william_smith,William Smith,William Smith,,,,,,,,,,,,,0,,From people_review; raw_person_ids=3353
william_taylor,William Taylor,William Taylor,,,,,,,,,,,,,0,,From people_review; raw_person_ids=2631
william_thompson,William Thompson,William Thompson,,,,,,,,,,,,,0,,From people_review; raw_person_ids=2768
william_wallace,William Wallace,William Wallace,,,,,,,,,,,,,0,,From people_review; raw_person_ids=2604
william_williams,William Williams,William Williams,,,,,,,,,,,,,0,,From people_review; raw_person_ids=3202
willie_beattie,Willie Beattie,Willie Beattie,,,,,,,,,,,,,0,,"From people_review; raw_person_ids=1923,2305"
willie_butler,Willie Butler,Willie Butler,,,,,,,,,,,,,0,,From people_review; raw_person_ids=2677
willie_gill_watson,Willie Gill Watson,Willie Gill Watson,,,,,,,,,,,,,0,,"From people_review; raw_person_ids=3097,5146"
willie_long,Willie Long,Willie Long,,,,,,,,,,,,,0,,From people_review; raw_person_ids=2911
willie_martin,Willie Martin,Willie Martin,,,,,,,,,,,,,0,,From people_review; raw_person_ids=2950
willie_perry,Willie Perry,Willie Perry,,,,,,,,,,,,,0,,From people_review; raw_person_ids=3203
willie_rhetts,Willie Rhetts,Willie Rhetts,,,,,,,,,,,,,0,,From people_review; raw_person_ids=3106
willie_taylor,Willie Taylor,Willie Taylor,,,,,,,,,,,,,0,,From people_review; raw_person_ids=2751
woodward_crowly,Woodward Crowly,Woodward Crowly,,,,,,,,,,,,,0,,From people_review; raw_person_ids=2685
zach_mauldin,Zach Mauldin,Zach Mauldin,,,,,,,,,,,,,0,,From people_review; raw_person_ids=3273
zach_wards,Zach Wards,Zach Wards,,,,,,,,,,,,,0,,From people_review; raw_person_ids=3414
