canonical_key,alias_name,source_id,notes
a_allston,A. Allston,,From people_review raw_person_id=1729
absalom_blythe,Absalom Blythe,,From people_review raw_person_id=2120
adam_jones,Adam Jones,,From people_review raw_person_id=3033
adley_hogan,Adley Hogan,,From people_review raw_person_id=3229
adley_hogan,Adley Hogan],,From people_review raw_person_id=5288
albert_micajah,Albert Micajah,,From people_review raw_person_id=2802
albert_rhett,Albert Rhett,,From people_review raw_person_id=2473
albert_rhett,Albert Rhetts,,From people_review raw_person_id=3107
alex_mcbee,Alex McBee,,From people_review raw_person_id=2547
alex_robertson,Alex Robertson,,From people_review raw_person_id=1705
alex_taylor,Alex Taylor,,From people_review raw_person_id=2793
alexander_dromgoole_sims_of_darlington,Alexander Dromgoole Sims of Darlington,,From people_review raw_person_id=2556
alexander_dromgoole_sims_of_darlington,Alexander Dromgoole] Sims of Darlington,,From people_review raw_person_id=4562
alexander_evins,Alexander Evins,,From people_review raw_person_id=2876
alexander_evins,Alexander] Evins,,From people_review raw_person_id=4904
alexander_mcbee,Alexander McBee,,From people_review raw_person_id=2073
alexander_taylor,Alexander Taylor,,From people_review raw_person_id=2033
alfred_huger,Alfred Huger,,From people_review raw_person_id=3283
alice_roberts,Alice Roberts,,From people_review raw_person_id=2321
allard_belin_flagg,Allard Belin Flagg,,From people_review raw_person_id=2491
allard_belin_flagg,Allard Belin] Flagg,,From people_review raw_person_id=4493
alleier_barrett,Alleier Barrett,,From people_review raw_person_id=2757
allen_merrits,Allen Merrits,,From people_review raw_person_id=2172
allston,Al[l]ston,,From people_review raw_person_id=5081
allston,Al]l]ston,,From people_review raw_person_id=5080
alston_hayne,Alston Hayne,,From people_review raw_person_id=2267
alston_kayne,Alston Kayne,,From people_review raw_person_id=3480
andrew_b_crook,Andrew B. Crook,,From people_review raw_person_id=3286
andrew_b_crook,Andrew B.] Crook,,From people_review raw_person_id=5348
andrew_gordon_magrath,Andrew Gordon Magrath,,From people_review raw_person_id=2185
andrew_gordon_magrath,Andrew Gordon] Magrath,,From people_review raw_person_id=4162
andrew_p_butler,Andrew P. Butler,,From people_review raw_person_id=3054
andrew_p_butler,Andrew P.] Butler,,From people_review raw_person_id=5097
andrew_pickens,Andrew Pickens,,From people_review raw_person_id=3355
andrew_pickens_butler,Andrew Pickens Butler,,From people_review raw_person_id=2431
andrew_pickens_butler,Andrew Pickens] Butler,,From people_review raw_person_id=4429
andy_johnson,Andy Johnson,,From people_review raw_person_id=3266
anna_green,Anna Green,,From people_review raw_person_id=2804
anna_hayne,Anna Hayne,,From people_review raw_person_id=2394
anna_perry,Anna Perry,,From people_review raw_person_id=288
anne_williams,Anne Williams,,From people_review raw_person_id=2663
annie_mcbee,Annie McBee,,From people_review raw_person_id=3123
ap_hayne,A.P. Hayne,,From people_review raw_person_id=1916
armistead_burt,Armistead Burt,,From people_review raw_person_id=2801
arthur_hayne,A[rthur] Hayne,,From people_review raw_person_id=3319
arthur_p_hayne,Arthur Hayne,,From people_review raw_person_id=1668
arthur_p_hayne,Arthur P. Hayne,,From people_review raw_person_id=2083
arthur_simpkins,Arthur Simpkins,,From people_review raw_person_id=2963
asa_hodges,Asa Hodges,,From people_review raw_person_id=1871
augustus_hoke,Augustus Hoke,,From people_review raw_person_id=1897
augustus_townes,Augustus Townes,,From people_review raw_person_id=2730
aunt_annie,Aunt Annie,,From people_review raw_person_id=2442
aunt_hayne,Aunt Hayne,,From people_review raw_person_id=2387
aunt_susan,Aunt Susan,,From people_review raw_person_id=2563
aw_hanger,A.W. Hanger,,From people_review raw_person_id=3071
barnwell_duncan,Barnwell Duncan,,From people_review raw_person_id=3095
barnwell_rhett,Barnwell Rhett,,From people_review raw_person_id=1943
baylis_crayton,Baylis Crayton,,From people_review raw_person_id=2842
beaufort_watts,Beaufort Watts,,From people_review raw_person_id=2290
becky_sharp,Becky Sharp,,From people_review raw_person_id=2340
ben_mcculloch,Ben McCulloch,,From people_review raw_person_id=3003
ben_mcdaniel,Ben McDaniel,,From people_review raw_person_id=2720
ben_yancey,Ben Yancey,,From people_review raw_person_id=2466
ben_yancey,Ben Yanceys,,From people_review raw_person_id=1971
benedict_arnold,Benedict Arnold,,From people_review raw_person_id=2164
benjamin_d_naebors,Benjamin D. Naebors,,From people_review raw_person_id=3118
benjamin_d_naebors,Benjamin D.] Naebors,,From people_review raw_person_id=5168
benjamin_franklin_perry,B.F. Perry,,From people_review raw_person_id=261
benjamin_franklin_perry,B. F. Perry,,From people_review raw_person_id=143
benjamin_franklin_perry,B.F Perry,,From people_review raw_person_id=267
benjamin_franklin_perry,B.F.  Perry,,From people_review raw_person_id=5471
benjamin_franklin_perry,B.F.P.,,From people_review raw_person_id=447
benjamin_franklin_perry,B.J. Perry,,From people_review raw_person_id=935
benjamin_franklin_perry,B.T. Perry,,From people_review raw_person_id=2324
benjamin_franklin_perry,Benjamin F. Perry,,From people_review raw_person_id=916
benjamin_franklin_perry,Benjamin Franklin Perry,,From people_review raw_person_id=2697
benson_j_lossing,Benson J. Lossing,,From people_review raw_person_id=3468
benson_j_lossing,Benson J. Lossing Esq.,,From people_review raw_person_id=1462
betty_robinson,Betty Robinson,,From people_review raw_person_id=1856
bill_arps,Bill Arps,,From people_review raw_person_id=3361
bill_beattie,Bill Beattie,,From people_review raw_person_id=2142
bill_fisher,Bill Fisher,,From people_review raw_person_id=3320
bill_fisher,Bill Fisher &,,From people_review raw_person_id=5488
bill_jones,Bill Jones,,From people_review raw_person_id=3111
bill_thompson,Bill Thompson,,From people_review raw_person_id=2329
billy_sherrord,Billy Sherrord,,From people_review raw_person_id=2262
bishop_davis,Bishop Davis,,From people_review raw_person_id=3220
bishop_doane,Bishop Doane,,From people_review raw_person_id=3452
bishop_elliott,Bishop Elliott,,From people_review raw_person_id=2504
bob_spurgeon,Bob Spurgeon,,From people_review raw_person_id=1831
charles_alexander_thornwell,[Charles Alexander] Thornwell,,From people_review raw_person_id=4744
charles_alexander_thornwell,Charles Alexander Thornwell,,From people_review raw_person_id=2726
charles_hammond,Charles Hammond,,From people_review raw_person_id=3490
charles_henry_simonton,Charles Henry Simonton,,From people_review raw_person_id=2218
charles_henry_simonton,Charles Henry] Simonton,,From people_review raw_person_id=4197
charles_hill,Charles Hill,,From people_review raw_person_id=2451
charles_lanman,Charles Lanman,,From people_review raw_person_id=1050
charles_magill_conrad,Charles Magill Conrad,,From people_review raw_person_id=3034
charles_magill_conrad,Charles Magill] Conrad,,From people_review raw_person_id=5075
charles_sullivan,Charles Sullivan,,From people_review raw_person_id=2959
charley_ketchum,Charley Ketchum,,From people_review raw_person_id=2765
charley_lanneau,Charley Lanneau,,From people_review raw_person_id=1572
charley_oneal,Charley ONeal,,From people_review raw_person_id=3050
charlotte_smith,Charlotte Smith,,From people_review raw_person_id=2275
chesney_smith,Chesney Smith,,From people_review raw_person_id=3179
christopher_g_memminger,Christopher G. Memminger,,From people_review raw_person_id=2288
christopher_g_memminger,Christopher G.] Memminger,,From people_review raw_person_id=4271
christopher_g_memminger,Christopher G.] Memmingers,,From people_review raw_person_id=2347
christopher_william_dudley,Christopher William Dudley,,From people_review raw_person_id=2216
christopher_william_dudley,Christopher William] Dudley,,From people_review raw_person_id=1683
cj_elford,C.J. Elford,,From people_review raw_person_id=2698
clary_benson,Clary Benson,,From people_review raw_person_id=2627
colin_m_ingersoll,Colin M. Ingersoll,,From people_review raw_person_id=2807
colin_m_ingersoll,Colin M.] Ingersoll,,From people_review raw_person_id=4828
collin_ferguson,Collin Ferguson,,From people_review raw_person_id=2934
cornelia_crittenden,Cornelia Crittenden,,From people_review raw_person_id=3084
cornelia_thompson,Cornelia Thompson,,From people_review raw_person_id=3456
daniel_elliott_huger,Daniel Elliott Huger,,From people_review raw_person_id=2429
daniel_elliott_huger,Daniel Elliott] Huger,,From people_review raw_person_id=4427
david_j_mccords,David J. McCords,,From people_review raw_person_id=3404
david_johnson,David Johnson,,From people_review raw_person_id=2426
david_lowry,David Lowry,,From people_review raw_person_id=3047
david_lowry,David Lowry],,From people_review raw_person_id=5090
dawkins_bonham,Dawkins Bonham,,From people_review raw_person_id=3089
dawkins_bonham,DawkinsBonham,,From people_review raw_person_id=5133
dicey_langston,Dicey Langston,,From people_review raw_person_id=2293
dick_jacobs,Dick Jacobs,,From people_review raw_person_id=2675
dr_john_leconte,Dr. John LeConte,,From people_review raw_person_id=908
ed_earle,E.D. Earle,,From people_review raw_person_id=3329
ed_rowland,Ed Rowland,,From people_review raw_person_id=2602
ed_stokes,Ed Stokes,,From people_review raw_person_id=2330
edmond_hayne,Edmond Hayne,,From people_review raw_person_id=3330
edmund_rhett,Edmund Rhett,,From people_review raw_person_id=2779
edward_bishop,Edward Bishop,,From people_review raw_person_id=2279
edward_buist,Edward Buist,,From people_review raw_person_id=2237
edward_earle,Edward Earle,,From people_review raw_person_id=3147
edward_frost,Edward Frost,,From people_review raw_person_id=2570
edward_hayne,Edward Hayne,,From people_review raw_person_id=1898
edward_jones,Edward Jones,,From people_review raw_person_id=2353
edward_rhett,Edward Rhett,,From people_review raw_person_id=3439
edward_stokes,Edward Stokes,,From people_review raw_person_id=2151
edwin_p_jones,Edwin P. Jones,,From people_review raw_person_id=2140
eelias_earle,EliasEarle,,From people_review raw_person_id=5135
elford_thompson,Elford Thompson,,From people_review raw_person_id=3338
elias_chumpton_leitner,Elias Chumpton Leitner,,From people_review raw_person_id=3059
elias_chumpton_leitner,Elias Chumpton] Leitner,,From people_review raw_person_id=5102
elias_earle,Elias Earle,,From people_review raw_person_id=1987
elias_roberts,Elias Roberts,,From people_review raw_person_id=2626
eliza_hayne,Eliza Hayne,,From people_review raw_person_id=2902
eliza_irby,Eliza Irby,,From people_review raw_person_id=1665
eliza_r_laurens,Eliza R. Laurens,,From people_review raw_person_id=3262
elizabeth_mccall_perry,Elizabeth McCall,,From people_review raw_person_id=1619
elizabeth_mccall_perry,Elizabeth Perry,,From people_review raw_person_id=1571
elizabeth_mccall_perry,Elizabethg Perry,,From people_review raw_person_id=3192
elizabeth_mccall_perry,Elizabetrh Perry,,From people_review raw_person_id=2058
elizabeth_mccall_perry,Liz,,From people_review raw_person_id=1554
elizabeth_mccall_perry,Mrs.  Elizabeth Perry,,From people_review raw_person_id=558
elizabeth_mccall_perry,Mrs. B. F. Perry,,From people_review raw_person_id=16
elizabeth_mccall_perry,Mrs. B.F. Perry,,From people_review raw_person_id=54
elizabeth_mccall_perry,Mrs. Elizabeth Perry,,From people_review raw_person_id=2
elizabeth_mccall_perry,Mrs. Elizabetrh Perry,,From people_review raw_person_id=1420
elizabeth_mccall_perry,Mrs. Perry,,From people_review raw_person_id=68
ellen_janney,Ellen Janney,,From people_review raw_person_id=3088
ellerbe_b_cash,Ellerbe B. Cash,,From people_review raw_person_id=3304
ellerbe_b_cash,Ellerbe B.] Cash,,From people_review raw_person_id=5366
elliott_keith,Elliott Keith,,From people_review raw_person_id=2159
elvin_knotts,Elvin Knotts,,From people_review raw_person_id=2327
emily_earle,Emily Earle,,From people_review raw_person_id=2122
emily_hayne,Emily Hayne,,From people_review raw_person_id=1901
emma_julia_blum,Emma Julia Blum,,From people_review raw_person_id=2719
erwin_jones,Erwin Jones,,From people_review raw_person_id=2973
erwin_patton,Erwin Patton,,From people_review raw_person_id=3062
fannie_beattie,Fannie Beattie,,From people_review raw_person_id=2373
fannie_irvine,Fannie Irvine,,From people_review raw_person_id=3225
fannie_perry,Fannie Perry,,From people_review raw_person_id=764
fanny_kemble,Fanny Kemble,,From people_review raw_person_id=1768
felix_rodgers,Felix Rodgers,,From people_review raw_person_id=2034
flora_jones,Flora Jones,,From people_review raw_person_id=2045
foster_goodell,Foster Goodell,,From people_review raw_person_id=3359
foster_perry,Foster Perry,,From people_review raw_person_id=3437
frances_hayne,Frances Hayne,,From people_review raw_person_id=2773
francis_hugh_wardlaw,Francis Hugh Wardlaw,,From people_review raw_person_id=2287
francis_hugh_wardlaw,Francis Hugh] Wardlaw,,From people_review raw_person_id=4270
francis_r_lubbock,Francis R.] Lubbock,,From people_review raw_person_id=2227
francis_w_pickens,Francis W. Pickens,,From people_review raw_person_id=3055
francis_w_pickens,Francis W.] Pickens,,From people_review raw_person_id=5098
francis_wellman_fickling,Francis Wellman Fickling,,From people_review raw_person_id=3020
francis_wellman_fickling,Francis Wellman] Fickling,,From people_review raw_person_id=5061
francis_wilkinson_pickens,Francis Wilkinson Pickens,,From people_review raw_person_id=2430
francis_wilkinson_pickens,Francis Wilkinson] Pickens,,From people_review raw_person_id=4428
frank_burt,Frank Burt,,From people_review raw_person_id=2413
frank_cox,Frank Cox,,From people_review raw_person_id=2391
frank_coxe,Frank Coxe,,From people_review raw_person_id=2480
frank_fisher,Frank Fisher,,From people_review raw_person_id=3314
frank_kayne,Frank Kayne,,From people_review raw_person_id=3096
frank_key,Frank Key,,From people_review raw_person_id=3474
frank_mcbee,Frank McBee,,From people_review raw_person_id=1801
frank_perry,Frank Parry,,From people_review raw_person_id=984
frank_perry,Frank Perry,,From people_review raw_person_id=800
frank_pickens,Frank Pickens,,From people_review raw_person_id=2855
frank_porcher,Frank Porcher,,From people_review raw_person_id=2219
franklin_harper_elmore,Franklin Harper Elmore,,From people_review raw_person_id=2559
franklin_harper_elmore,Franklin Harper] Elmore,,From people_review raw_person_id=4565
franklin_j_moses,Franklin J. Moses,,From people_review raw_person_id=2132
franklin_j_moses,Franklin J.] Moses,,From people_review raw_person_id=4105
frederick_nance,Frederick Nance,,From people_review raw_person_id=2183
frederick_newton,Frederick Newton,,From people_review raw_person_id=3429
frederick_william_davie,Frederick William Davie,,From people_review raw_person_id=2529
fredertick_gustavus_behre,Fredertick Gustavus Behre,,From people_review raw_person_id=3007
fredertick_gustavus_behre,Fredertick Gustavus] Behre,,From people_review raw_person_id=5048
g_allen_huggins,G. Allen Huggins,,From people_review raw_person_id=3497
g_allen_huggins,G. Allen] Huggins,,From people_review raw_person_id=5579
george_a_gardiner,George A. Gardiner,,From people_review raw_person_id=2090
george_a_gardiner,George A.] Gardiner,,From people_review raw_person_id=4062
george_alfred,George Alfred,,From people_review raw_person_id=1834
george_alfred,George Alfred],,From people_review raw_person_id=3799
george_bryant,George Bryant,,From people_review raw_person_id=3372
george_butler,George Butler,,From people_review raw_person_id=3458
george_croft,George Croft,,From people_review raw_person_id=2374
george_d_tillman,[George D. Tillman,,From people_review raw_person_id=5333
george_d_tillman,George D. Tillman,,From people_review raw_person_id=3271
george_f_townes,George F.] Townes,,From people_review raw_person_id=1736
george_franklin_townes,George Franklin Townes,,From people_review raw_person_id=3189
george_franklin_townes,George Franklin] Townes,,From people_review raw_person_id=5241
george_gliddon,George Gliddon,,From people_review raw_person_id=2276
george_gliddon,George] Gliddon,,From people_review raw_person_id=4258
george_gordon_meade,George Gordon] Meade,,From people_review raw_person_id=3244
george_h_pendleton,George H. Pendleton,,From people_review raw_person_id=2931
george_h_pendleton,George H.] Pendleton,,From people_review raw_person_id=4961
george_mcduffie,[George] McDuffie,,From people_review raw_person_id=3582
george_mcduffie,George McDuffie,,From people_review raw_person_id=1622
george_mcduffie,George] McDuffie,,From people_review raw_person_id=4473
george_washington_dargan,George Washington Dargan,,From people_review raw_person_id=2522
george_washington_dargan,George Washington] Dargan,,From people_review raw_person_id=4524
george_wells,George Wells,,From people_review raw_person_id=1903
george_wells,George Wells &,,From people_review raw_person_id=3100
george_wells__,George Wells & Ds,,From people_review raw_person_id=5274
georgia_sperman,Georgia Sperman,,From people_review raw_person_id=3494
gill_watson,Gill Watson,,From people_review raw_person_id=3045
gilmore_simms,Gilmore Simms,,From people_review raw_person_id=2188
gilmore_simms,Gilmore Simms &,,From people_review raw_person_id=5398
gm_thompson,G.M. Thompson,,From people_review raw_person_id=2406
gm_thorp,G.M. Thorp,,From people_review raw_person_id=1839
harriet_perry,Harriet Perry,,From people_review raw_person_id=3269
harriet_thurston,Harriet Thurston,,From people_review raw_person_id=2921
harry_hammond,Harry Hammond,,From people_review raw_person_id=2599
harry_hammond,Harry] Hammond,,From people_review raw_person_id=4607
hayne_perry,Hayne Perry,,From people_review raw_person_id=1518
hayne_wells,Hayne Wells,,From people_review raw_person_id=2422
helen_harrington,Helen Harrington,,From people_review raw_person_id=2478
henry_buist,Henry Buist,,From people_review raw_person_id=3193
henry_cauble,Henry Cauble,,From people_review raw_person_id=2269
henry_clinton,Henry Clinton,,From people_review raw_person_id=2774
henry_d_doyley,Henry D. Doyley,,From people_review raw_person_id=3347
henry_deas_lesesne,Henry Deas Lesesne,,From people_review raw_person_id=3196
henry_deas_lesesne,Henry Deas] Lesesne,,From people_review raw_person_id=5248
henry_heyward,Henry Heyward,,From people_review raw_person_id=2065
henry_pinckney_hammett,Henry Pinckney Hammett,,From people_review raw_person_id=3188
henry_pinckney_hammett,Henry Pinckney] Hammett  &,,From people_review raw_person_id=5240
henry_sparnick,Henry Sparnick,,From people_review raw_person_id=2724
henry_sparnick,Henry] Sparnick,,From people_review raw_person_id=4742
henry_thurston,Henry Thurston,,From people_review raw_person_id=2786
henry_william_garlington,Henry William Garlington,,From people_review raw_person_id=3334
henry_william_garlington,Henry William] Garlington,,From people_review raw_person_id=5403
hext_mccall,Hext McCall,,From people_review raw_person_id=2874
hopkins_williams,Hopkins Williams,,From people_review raw_person_id=2232
irvine_jones,Irvine Jones,,From people_review raw_person_id=2245
isaac_bryan,Isaac Bryan,,From people_review raw_person_id=2711
isaac_hayne,Isaac Hayne,,From people_review raw_person_id=1612
isaac_hayne,Isaac Hayne &,,From people_review raw_person_id=2088
isaac_hayne,Isaac Hayne.,,From people_review raw_person_id=2077
isaac_henry,Isaac Henry,,From people_review raw_person_id=2008
isaac_holmes,Isaac Holmes,,From people_review raw_person_id=1816
isaac_holmes,Isaac] Holmes,,From people_review raw_person_id=3781
isaac_taylor,Isaac Taylor,,From people_review raw_person_id=2981
iva_williams,Iva Williams,,From people_review raw_person_id=2888
j_izard_middleton,J. Izard Middleton,,From people_review raw_person_id=2708
jack_jenkins,Jack Jenkins,,From people_review raw_person_id=2375
james_b_campbell,James B. Campbell,,From people_review raw_person_id=3187
james_b_campbell,James B.] Campbell,,From people_review raw_person_id=5239
james_benson,James Benson,,From people_review raw_person_id=2625
james_black,James Black,,From people_review raw_person_id=1817
james_chesnut,James Chesnut,,From people_review raw_person_id=3061
james_diament,James Diament,,From people_review raw_person_id=1748
james_edward_henry,James Edward Henry,,From people_review raw_person_id=2686
james_edward_henry,James Edward] Henry,,From people_review raw_person_id=4702
james_farrow,James Farrow,,From people_review raw_person_id=2914
james_h_adams,James H. Adams,,From people_review raw_person_id=2752
james_h_adams,James H.] Adams,,From people_review raw_person_id=4770
james_h_irby,James H. Irby,,From people_review raw_person_id=1933
james_h_irby,James H.] Irby,,From people_review raw_person_id=3902
james_h_norwood,James H. Norwood,,From people_review raw_person_id=3021
james_h_norwood,James H.] Norwood,,From people_review raw_person_id=5062
james_h_rion,James H. Rion,,From people_review raw_person_id=2927
james_h_rion,James H.] Rion,,From people_review raw_person_id=4957
james_harrison,James Harrison,,From people_review raw_person_id=2291
james_henley,James Henley,,From people_review raw_person_id=3086
james_henry_hammond,James Henry Hammond,,From people_review raw_person_id=2986
james_henry_hammond,James Henry] Hammond,,From people_review raw_person_id=5026
james_lawrence_orr,James L. Orr,,From people_review raw_person_id=2004
james_lawrence_orr,James L.] Orr,,From people_review raw_person_id=3975
james_lawrence_orr,James Lawrence Orr,,From people_review raw_person_id=2190
james_lawrence_orr,James Lawrence] Orr,,From people_review raw_person_id=4169
james_louis_petigru,James L. Petigrus,,From people_review raw_person_id=2298
james_louis_petigru,James L.] Petigrus,,From people_review raw_person_id=4281
james_louis_petigru,James Louis Petigru,,From people_review raw_person_id=1691
james_louis_petigru,James Louis] Petigru & Dr.,,From people_review raw_person_id=3651
james_m_carlisle,James M. Carlisle,,From people_review raw_person_id=3180
james_m_carlisle,James M.] Carlisle,,From people_review raw_person_id=5231
james_m_gadberry,James M. Gadberry,,From people_review raw_person_id=3482
james_m_gadberry,James M.] Gadberry &,,From people_review raw_person_id=5565
james_mccullough,James McCullough,,From people_review raw_person_id=2668
james_moore_wayne,James Moore Wayne,,From people_review raw_person_id=2943
james_moore_wayne,James Moore] Wayne,,From people_review raw_person_id=4978
james_ohanlon,James OHanlon,,From people_review raw_person_id=3436
james_ohanlon,James OHanlons,,From people_review raw_person_id=3226
james_ohanlon,James] OHanlon,,From people_review raw_person_id=5517
james_parsons_carroll,James Parsons Carroll,,From people_review raw_person_id=3117
james_parsons_carroll,James Parsons] Carroll,,From people_review raw_person_id=5167
james_perrin,James Perrin,,From people_review raw_person_id=1990
james_petigru_boyce,James Petigru Boyce,,From people_review raw_person_id=3332
james_petigru_boyce,James Petigru] Boyce,,From people_review raw_person_id=5401
james_simmons,James Simmons,,From people_review raw_person_id=3191
james_simmons,James] Simmons,,From people_review raw_person_id=5243
james_smith_rhett,James Smith Rhett,,From people_review raw_person_id=2771
james_smith_rhett,James Smith] Rhett,,From people_review raw_person_id=4791
james_washington,James Washington,,From people_review raw_person_id=3060
jane_adams,Jane Adams,,From people_review raw_person_id=3120
jane_walker,Jane Walker,,From people_review raw_person_id=3171
jb_campbell,J.B. Campbell,,From people_review raw_person_id=2215
jeff_arnold,Jeff Arnold,,From people_review raw_person_id=3072
jeff_davis,Jeff Davis,,From people_review raw_person_id=2050
jenkins_hammond,Jenkins Hammond,,From people_review raw_person_id=1789
jennie_carson,Jennie Carson,,From people_review raw_person_id=2743
jennings_goodlett,Jennings Goodlett,,From people_review raw_person_id=2870
jennings_goodlett,Jennings Goodlett &c.,,From people_review raw_person_id=4896
jesse_r_gary,Jesse R. Gary,,From people_review raw_person_id=2649
jesse_westmoreland,Jesse Westmoreland,,From people_review raw_person_id=3068
jesse_youngs,Jesse Youngs,,From people_review raw_person_id=1983
jh_hammond,J.H. Hammond,,From people_review raw_person_id=934
ji_middleton,J.I. Middleton,,From people_review raw_person_id=3253
jim_mays,Jim Mays,,From people_review raw_person_id=2433
jim_mcdaniel,Jim McDaniel,,From people_review raw_person_id=3067
jim_moore,Jim Moore,,From people_review raw_person_id=2636
jinny_lind,Jinny Lind,,From people_review raw_person_id=3064
jl_orr,J.L. Orr,,From people_review raw_person_id=936
joab_mauldin,Joab Mauldin,,From people_review raw_person_id=2408
joab_mauldin,Joab Mauldins,,From people_review raw_person_id=2618
joe_ferguson,Joe Ferguson,,From people_review raw_person_id=1977
joe_longs,Joe Longs,,From people_review raw_person_id=2851
joe_mccullough,Joe McCullough,,From people_review raw_person_id=3444
joel_ketchum,Joel Ketchum,,From people_review raw_person_id=1980
joel_roberts_poinsett,Joel Roberts Poinsett,,From people_review raw_person_id=2137
joel_roberts_poinsett,{Joel Roberts] Poinsett,,From people_review raw_person_id=4111
john_a_inglis,John A. Inglis,,From people_review raw_person_id=3175
john_a_quitman,John A. Quitman,,From people_review raw_person_id=1998
john_a_quitman,John A.] Quitman,,From people_review raw_person_id=3969
john_adams_dix,John Adams Dix,,From people_review raw_person_id=1750
john_adams_dix,John Adams] Dix,,From people_review raw_person_id=3711
john_algernon_sidney,John Algernon Sidney,,From people_review raw_person_id=3169
john_algernon_sidney,John Algernon Sidney],,From people_review raw_person_id=5221
john_ashe_alston,John Ashe Alston,,From people_review raw_person_id=2053
john_baird,John Baird,,From people_review raw_person_id=2941
john_baldwin,John Baldwin,,From people_review raw_person_id=2913
john_bauskett,John Bauskett,,From people_review raw_person_id=3303
john_bauskett,John Bausketts,,From people_review raw_person_id=3501
john_bauskett,John] Bauskett,,From people_review raw_person_id=5365
john_bauskett,John] Bausketts,,From people_review raw_person_id=5584
john_belton,John Belton,,From people_review raw_person_id=2471
john_belton,John Belton],,From people_review raw_person_id=2427
john_bradly,John Bradly,,From people_review raw_person_id=2130
john_c_calhoun,John C. Calhoun,,From people_review raw_person_id=2000
john_c_calhoun,John C. Calhouns,,From people_review raw_person_id=3013
john_c_norriss,John C.  Norriss,,From people_review raw_person_id=1560
john_c_norriss,John C.  Norriss&,,From people_review raw_person_id=3519
john_charles_mcclenaghan,John Charles McClenaghan,,From people_review raw_person_id=3206
john_charles_mcclenaghan,John Charles] McClenaghan,,From people_review raw_person_id=5259
john_cunningham,John Cunningham,,From people_review raw_person_id=1894
john_davis,John Davis,,From people_review raw_person_id=1751
john_davis,John] Davis,,From people_review raw_person_id=3712
john_durant_ashmore,John Durant Ashmore,,From people_review raw_person_id=1926
john_durant_ashmore,John Durant] Ashmore,,From people_review raw_person_id=3895
john_e_norris,John E. Norris,,From people_review raw_person_id=2863
john_etienne,John Etienne,,From people_review raw_person_id=3002
john_ferguson,John Ferguson,,From people_review raw_person_id=2432
john_fowler,John Fowler,,From people_review raw_person_id=1905
john_h_harrisons,John H. Harrisons,,From people_review raw_person_id=2953
john_hughson,John Hughson,,From people_review raw_person_id=2306
john_izard_middleton,[John Izard] Middleton,,From people_review raw_person_id=4668
john_izard_middleton,John Izard Middleton,,From people_review raw_person_id=2316
john_j_crittenden,John J. Crittenden,,From people_review raw_person_id=1819
john_j_crittenden,John J.] Crittenden of,,From people_review raw_person_id=3784
john_jones,John Jones,,From people_review raw_person_id=2089
john_l_manning,John L. Manning,,From people_review raw_person_id=2361
john_l_manning,John L.] Manning,,From people_review raw_person_id=5214
john_latimer_westmoreland,John Latimer Westmoreland,,From people_review raw_person_id=2513
john_latimer_westmoreland,John Latimer] Westmoreland,,From people_review raw_person_id=4515
john_leconte,John LeConte,,From people_review raw_person_id=1733
john_ligon,John Ligon,,From people_review raw_person_id=2988
john_livingston,[John] Livingston,,From people_review raw_person_id=4835
john_livingston,John Livingston,,From people_review raw_person_id=2363
john_livingston,John] Livingston,,From people_review raw_person_id=4360
john_marshal,John Marshal,,From people_review raw_person_id=3030
john_maxwell,John Maxwell,,From people_review raw_person_id=2783
john_mccoll,John McColl,,From people_review raw_person_id=2116
john_p_richardson,John P. Richardson,,From people_review raw_person_id=2280
john_p_richardson,John P.] Richardson,,From people_review raw_person_id=4262
john_perry,John Perry,,From people_review raw_person_id=3438
john_perry,John Perrys,,From people_review raw_person_id=2716
john_peter_richardson,John Peter Richardson,,From people_review raw_person_id=2470
john_peter_richardson,John Peter] Richardson,,From people_review raw_person_id=4470
john_pettit,[John] Pettit,,From people_review raw_person_id=5411
john_pettit,John Pettit,,From people_review raw_person_id=3292
john_preston,John Preston,,From people_review raw_person_id=1609
john_preston,John Preston & old,,From people_review raw_person_id=4567
john_preston,John Prestons,,From people_review raw_person_id=2854
john_q_adams,John Q. Adams,,From people_review raw_person_id=1621
john_reeds,John Reeds,,From people_review raw_person_id=2728
john_s_preston,John S. Prestons,,From people_review raw_person_id=2516
john_smyth_richardson,John Smyth Richardson,,From people_review raw_person_id=2134
john_smyth_richardson,John Smyth] Richardson,,From people_review raw_person_id=4107
john_t_hoffman,John T. Hoffman,,From people_review raw_person_id=2933
john_t_hoffman,John T.] Hoffman,,From people_review raw_person_id=4963
john_t_sloan,John T. Sloan,,From people_review raw_person_id=3383
john_van_buren,John Van Buren &,,From people_review raw_person_id=2104
john_watson,John Watson,,From people_review raw_person_id=2909
john_westfield,John Westfield,,From people_review raw_person_id=2850
john_wickliffe_stokes,John Wickliffe Stokes,,From people_review raw_person_id=2847
john_wickliffe_stokes,John Wickliffe] Stokes,,From people_review raw_person_id=4871
jordan_pool,Jordan Pool,,From people_review raw_person_id=2906
joseph_daniel_pope,Joseph Daniel Pope,,From people_review raw_person_id=2622
joseph_duncan,Joseph Duncan,,From people_review raw_person_id=3018
joseph_h_bradley,Joseph H. Bradl[e]y &,,From people_review raw_person_id=3181
joseph_h_bradley,Joseph H.] Bradl[e]y &,,From people_review raw_person_id=5232
joseph_leconte,Joseph LeConte,,From people_review raw_person_id=3264
joseph_leconte,Joseph LeContes,,From people_review raw_person_id=3434
joseph_n_whitner,Joseph N. Whitner,,From people_review raw_person_id=2006
joseph_n_whitner,Joseph N.] Whitner,,From people_review raw_person_id=3977
joseph_newton,Joseph Newton,,From people_review raw_person_id=1755
joseph_powell,Joseph Powell,,From people_review raw_person_id=3157
joseph_woodward,Joseph Woodward,,From people_review raw_person_id=1818
joseph_woodward,Joseph] Woodward &,,From people_review raw_person_id=3783
josiah_b_perry,Josiah B. Perry,,From people_review raw_person_id=2439
josiah_james_evans,Josiah James Evans,,From people_review raw_person_id=2772
josiah_james_evans,Josiah James] Evans,,From people_review raw_person_id=4792
julia_a_hext,Julia A. Hext,,From people_review raw_person_id=1913
julia_a_hext,Julia A.] Hext,,From people_review raw_person_id=3881
justine_dunkin,Justine Dunkin,,From people_review raw_person_id=2074
lawrence_m_keitt,Lawrence M. Keitt,,From people_review raw_person_id=2337
lawrence_m_keitt,Lawrence M.] Keitt,,From people_review raw_person_id=4325
lewis_cass,[Lewis] Cass,,From people_review raw_person_id=4858
lewis_cass,Lewis Cass,,From people_review raw_person_id=2836
lewis_moonwent,Lewis Moonwent,,From people_review raw_person_id=2497
lida_mckay,Lida McKay,,From people_review raw_person_id=2722
lizzie_r_smith,Lizzie R. Smith,,From people_review raw_person_id=2709
lizzie_r_smith,Lizzie Smith,,From people_review raw_person_id=3098
louis_trezevant_wigfall,Louis Trezevant Wigfall,,From people_review raw_person_id=3461
louis_trezevant_wigfall,Louis Trezevant] Wigfall &,,From people_review raw_person_id=5543
lula_leconte,Lula LeConte,,From people_review raw_person_id=2784
luther_mcbee,Luther McBee,,From people_review raw_person_id=1693
lynn_watsons,Lynn Watsons,,From people_review raw_person_id=2706
martha_calhoun,Martha Calhoun,,From people_review raw_person_id=2313
martin_clerk,Martin Clerk,,From people_review raw_person_id=2224
martin_clerk,Martin Clerk &,,From people_review raw_person_id=4203
martin_edwards,Martin Edwards,,From people_review raw_person_id=3154
mary_adams,Mary Adams,,From people_review raw_person_id=1920
mary_cleveland,Mary Cleveland,,From people_review raw_person_id=2247
mary_dillon,Mary Dillon,,From people_review raw_person_id=3409
mary_hardin,Mary Hardin,,From people_review raw_person_id=2946
mary_jones,Mary Jones,,From people_review raw_person_id=2848
mary_mauldin,Mary Mauldin,,From people_review raw_person_id=2349
mary_mauldin,Mary Mauldins,,From people_review raw_person_id=3212
mary_mauldin_betty,Mary Mauldin Betty,,From people_review raw_person_id=3492
mary_mccall,Mary McCall,,From people_review raw_person_id=2085
mary_mclain,Mary McLain,,From people_review raw_person_id=2912
mathew_williams,Mathew Williams,,From people_review raw_person_id=3400
miles_norton,Miles Norton,,From people_review raw_person_id=3158
nat_butler,Nat Butler,,From people_review raw_person_id=3311
nat_heyward,Nat Heyward,,From people_review raw_person_id=3478
nathaniel_morgan,Nathaniel Morgan,,From people_review raw_person_id=2512
nathaniel_morgan,Nathaniel] Morgan,,From people_review raw_person_id=4514
nathaniel_ridley,Nathaniel Ridley,,From people_review raw_person_id=1997
olin_miller_dantzler,Olin Miller Dantzler,,From people_review raw_person_id=2596
olin_miller_dantzler,Olin Miller] Dantzler,,From people_review raw_person_id=4604
oliver_evans_edwards,Oliver Evans Edwards,,From people_review raw_person_id=2915
oliver_evans_edwards,Oliver Evans] Edwards,,From people_review raw_person_id=4945
oliver_h_perry,Oliver H. Perry,,From people_review raw_person_id=3352
oscar_mauldin,Oscar Mauldin,,From people_review raw_person_id=2984
ozey_robert_broyles,Ozey Robert] Broyles,,From people_review raw_person_id=1680
pamela_cunningham,Pamela Cunningham,,From people_review raw_person_id=2598
pamela_cunningham,Pamela Cunningham &,,From people_review raw_person_id=4886
patrick_cleburne,Patrick Cleburne,,From people_review raw_person_id=3335
patrick_cleburne,Patrick] Cleburne,,From people_review raw_person_id=5405
patrick_nelson_lynch,Patrick Nelson] Lynch,,From people_review raw_person_id=3369
paul_hayne,Paul Hayne,,From people_review raw_person_id=2789
pauline_ware,Pauline Ware,,From people_review raw_person_id=3443
perry_emory_duncan,Perry Duncan,,From people_review raw_person_id=2169
perry_emory_duncan,Perry Emory Duncan,,From people_review raw_person_id=2894
perry_emory_duncan,Perry Emory],,From people_review raw_person_id=2244
perry_emory_duncan,Perry Emory] Duncan,,From people_review raw_person_id=4921
perry_leaphart,Perry Leaphart,,From people_review raw_person_id=2936
peter_cauble,Peter Cauble,,From people_review raw_person_id=2948
peter_cauble,Peter Caubles,,From people_review raw_person_id=2616
peter_shand,Peter Shand,,From people_review raw_person_id=3128
peter_shand,Peter] Shand,,From people_review raw_person_id=5180
peter_stokes,Peter Stokes,,From people_review raw_person_id=2788
peter_stokes,Peter] Stokes,,From people_review raw_person_id=4809
pierce_williamson,Pierce Williamson,,From people_review raw_person_id=2086
pleasant_jenkins,Pleasant Jenkins,,From people_review raw_person_id=2153
powell_mccray,Powell McCray,,From people_review raw_person_id=2011
preston_brooks,Preston Brooks,,From people_review raw_person_id=1919
queen_victorias,Queen Victorias,,From people_review raw_person_id=3300
quitman_keitt,Quitman Keitt,,From people_review raw_person_id=3280
ramon_pearson,Ramon Pearson,,From people_review raw_person_id=2825
randall_croft,Randal Croft,,From people_review raw_person_id=3476
randall_croft,Randall Croft,,From people_review raw_person_id=3124
randall_hunt,Randal Hunt,,From people_review raw_person_id=1874
randall_hunt,Randall Hunt,,From people_review raw_person_id=1886
ransom_calhoun,Ransom Calhoun,,From people_review raw_person_id=2956
richard_detreville,Richard DeTreville,,From people_review raw_person_id=2896
richard_detreville,Richard] DeTreville,,From people_review raw_person_id=4923
richard_f_simpson,Richard F. Simpson,,From people_review raw_person_id=1815
richard_f_simpson,Richard F.] Simpson,,From people_review raw_person_id=3780
richard_freeman,Richard Freeman,,From people_review raw_person_id=2043
richard_harrison,Richard Harrison,,From people_review raw_person_id=2964
richard_singleton,Richard Singleton,,From people_review raw_person_id=3087
richard_stobo,Richard Stobo,,From people_review raw_person_id=1896
richard_stone,Richard Stone,,From people_review raw_person_id=1716
robert_barnwell,Robert Barnwell,,From people_review raw_person_id=2437
robert_barnwell,Robert Barnwell &,,From people_review raw_person_id=5067
robert_bentham,Robert Bentham,,From people_review raw_person_id=3417
robert_brown_elliott,Robert Brown Elliott,,From people_review raw_person_id=2824
robert_brown_elliott,Robert Brown] Elliott,,From people_review raw_person_id=4846
robert_cunningham,Robert Cunningham,,From people_review raw_person_id=3459
robert_duncan,Robert Duncan,,From people_review raw_person_id=2777
robert_foster,Robert Foster,,From people_review raw_person_id=1853
robert_francis_withers,Robert Francis Withers,,From people_review raw_person_id=2399
robert_goodloe_harper,Robert Goodloe Harper,,From people_review raw_person_id=3351
robert_harris,Robert Harris,,From people_review raw_person_id=2990
robert_maxwell,Robert Maxwell,,From people_review raw_person_id=2646
robert_mckay,Robert McKay,,From people_review raw_person_id=1687
robert_pool,Robert Pool,,From people_review raw_person_id=2769
robert_thurston,Robert Thurston,,From people_review raw_person_id=3289
robert_wilson,Robert Wilson,,From people_review raw_person_id=2286
rufus_johnston,Rufus Johnston,,From people_review raw_person_id=3265
russell_middleton,Russel[l] Middleton,,From people_review raw_person_id=4438
russell_middleton,Russell Middleton,,From people_review raw_person_id=2440
sallie_martin,Sallie Martin,,From people_review raw_person_id=1880
sally_crook,Sally Crook,,From people_review raw_person_id=2239
sally_taylor,Sally Taylor,,From people_review raw_person_id=3205
sally_thompson,Sally Thompson,,From people_review raw_person_id=1912
sam_jones,Sam Jones,,From people_review raw_person_id=3502
sam_mauldin,Sam Mauldin,,From people_review raw_person_id=2407
sam_mcclanahan,Sam McClanahan,,From people_review raw_person_id=2110
sam_townes,Sam Townes,,From people_review raw_person_id=2844
samuel_earle,Sam Earle,,From people_review raw_person_id=2414
samuel_earle,Sam Earle &,,From people_review raw_person_id=2463
samuel_earle,Samuel Earle,,From people_review raw_person_id=2898
samuel_henry_dickson,Samuel Henry Dickson,,From people_review raw_person_id=1892
samuel_henry_dickson,Samuel Henry] Dickson,,From people_review raw_person_id=3860
samuel_hoar,Samuel Hoar,,From people_review raw_person_id=2412
samuel_hoar,Samuel] Hoar,,From people_review raw_person_id=4409
samuel_mcailey,Samuel] McAiley,,From people_review raw_person_id=1682
samuel_mcgowan,Samuel McGowan,,From people_review raw_person_id=1676
samuel_mcgowan,Samuel] McGowan,,From people_review raw_person_id=3636
samuel_rogers,Samuel Rogers,,From people_review raw_person_id=2355
samuel_rogers,Samuel] Rogers,,From people_review raw_person_id=4348
simon_turner,Simon Turner,,From people_review raw_person_id=2785
spartan_d_goodlett,Spartan D. Goodlett,,From people_review raw_person_id=3153
spartan_d_goodlett,Spartan D. Goodletts,,From people_review raw_person_id=2702
spartan_d_goodlett,Spartan Goodlett,,From people_review raw_person_id=2238
stephen_decatur,Stephen Decatur,,From people_review raw_person_id=2839
stephen_decatur,Stephen] Decatur,,From people_review raw_person_id=4861
stephen_elliott,Stephen Elliott,,From people_review raw_person_id=2066
stokes_beattie,Stokes Beattie,,From people_review raw_person_id=2548
strawberry_pies,strawberry pies,,From people_review raw_person_id=2253
sue_hoke,Sue Hoke,,From people_review raw_person_id=2585
susan_b_mccoll,Susan B. McColl,,From people_review raw_person_id=2578
susan_hayne,Susan Hayne,,From people_review raw_person_id=2794
susan_hoke,Susan Hoke,,From people_review raw_person_id=2395
susan_hoke,Susan Hokes,,From people_review raw_person_id=2541
susan_perry,Susan Perry,,From people_review raw_person_id=3000
suzanne_mandeville_sparks,Suzanne Mandeville Sparks,,From people_review raw_person_id=1841
suzanne_mandeville_sparks,Suzanne Mandeville] Sparks,,From people_review raw_person_id=3807
tandy_walker,Tandy Walker,,From people_review raw_person_id=1613
tench_carson,Tench Carson,,From people_review raw_person_id=2112
tench_corson,Tench Corson,,From people_review raw_person_id=3167
tench_cox,Tench Cox,,From people_review raw_person_id=2392
tench_pool,Tench Pool,,From people_review raw_person_id=1803
terry_edwards,Terry Edwards,,From people_review raw_person_id=2819
theodore_croft,Theodore Croft,,From people_review raw_person_id=2792
theodore_dehon,Theodore Dehon,,From people_review raw_person_id=2096
theodore_gourdine,Theodore Gourdine,,From people_review raw_person_id=3168
thomas_a_hendricks,Thomas A. Hendricks,,From people_review raw_person_id=2932
thomas_a_hendricks,Thomas A.] Hendricks,,From people_review raw_person_id=4962
thomas_butler,Thomas Butler,,From people_review raw_person_id=1823
thomas_case,Thomas Case,,From people_review raw_person_id=3500
thomas_dawkins,Thomas Dawkins,,From people_review raw_person_id=2753
thomas_dawkins,Thomas] Dawkins,,From people_review raw_person_id=4771
thomas_edwin_ware,Thomas E.] Ware,,From people_review raw_person_id=2136
thomas_gowen,Thomas Gowen,,From people_review raw_person_id=2775
thomas_jefferson,Thomas Jefferson,,From people_review raw_person_id=3405
thomas_jefferson_withers,Thomas Jefferson Withers,,From people_review raw_person_id=3085
thomas_martin_wagner,[Thomas Martin] Wagner,,From people_review raw_person_id=3890
thomas_martin_wagner,Thomas Martin Wagner,,From people_review raw_person_id=1921
thomas_nuckolls_dawkins,Thomas Nuckolls Dawkins,,From people_review raw_person_id=2762
thomas_nuckolls_dawkins,Thomas Nuckolls] Dawkins,,From people_review raw_person_id=4782
thomas_roberts,Thomas Roberts,,From people_review raw_person_id=3184
thomas_stephen,[Thomas Stephen],,From people_review raw_person_id=5158
thomas_stephen,Thomas Stephen,,From people_review raw_person_id=3109
thomas_thurston,Thomas Thurston,,From people_review raw_person_id=2642
thomas_worth_glover,Thomas Worth Glover,,From people_review raw_person_id=2505
thomas_worth_glover,Thomas Worth] Glover,,From people_review raw_person_id=4507
thompson_earle,Thompson Earle,,From people_review raw_person_id=1986
tom_adams,Tom Adams,,From people_review raw_person_id=2309
tom_beattie,Tom Beattie,,From people_review raw_person_id=3346
tom_butler,Tom Butler,,From people_review raw_person_id=1964
tom_butler,Tom Butlers,,From people_review raw_person_id=3135
tom_earle,Tom Earle,,From people_review raw_person_id=3345
tom_jones,Tom Jones,,From people_review raw_person_id=2448
tom_long,Tom Long,,From people_review raw_person_id=3343
tom_pickens,Tom Pickens,,From people_review raw_person_id=3231
tom_poe,Tom Poe,,From people_review raw_person_id=2314
tom_thompson,Tom Thompson,,From people_review raw_person_id=3387
tom_thompson,Tom Thompson &,,From people_review raw_person_id=3014
tom_thumb,Tom Thumb,,From people_review raw_person_id=2206
tom_thurston,Tom Thurston,,From people_review raw_person_id=3015
tommy_arthur,Tommy Arthur,,From people_review raw_person_id=1643
tully_bolling,Tully Bolling,,From people_review raw_person_id=2434
w_gilmore_simms,W. Gilmore Simms,,From people_review raw_person_id=2531
wa_mcdaniel,W.A. McDaniel,,From people_review raw_person_id=2699
waddy_thompson,Waddy Thompson,,From people_review raw_person_id=2371
waddy_williams,Waddy Williams,,From people_review raw_person_id=1734
wade_hampton,Wade Hampton,,From people_review raw_person_id=1868
wade_hampton_jr,Wade Hampton Jr.,,From people_review raw_person_id=2582
wallace_thompson,Wallace Thompson,,From people_review raw_person_id=2167
waller_r_lane,Waller R. Lane,,From people_review raw_person_id=2643
warren_davis,Warren Davis,,From people_review raw_person_id=1958
waverly_stairly,Waverly Stairly,,From people_review raw_person_id=3065
wc_preston,W.C. Preston,,From people_review raw_person_id=2533
wellborn_perry,Wellborn Perry,,From people_review raw_person_id=2766
wes_cary,Wes Cary,,From people_review raw_person_id=2481
whiteford_smith,Whiteford Smith,,From people_review raw_person_id=2436
whitemarsh_b_seabrook,Whitemarsh B. Seabrook,,From people_review raw_person_id=2165
will_butler,Will Butler,,From people_review raw_person_id=2121
will_coxs,Will Coxs,,From people_review raw_person_id=2721
william_a_williams,William A. Williams,,From people_review raw_person_id=2859
william_adolphus_mooney,William Adolphus Mooney,,From people_review raw_person_id=2511
william_adolphus_mooney,William Adolphus] Mooney,,From people_review raw_person_id=4513
william_adolphus_mooney,William Adolphus] Mooney &,,From people_review raw_person_id=4870
william_aiken,William Aiken,,From people_review raw_person_id=1674
william_aiken,William] Aiken,,From people_review raw_person_id=4926
william_alexander_rosborough,[William Alexander] Rosborough,,From people_review raw_person_id=4800
william_alexander_rosborough,William Alexander Rosborough,,From people_review raw_person_id=2780
william_blanding,[William] Blanding,,From people_review raw_person_id=4563
william_blanding,William Blanding,,From people_review raw_person_id=2557
william_butler,William Butler,,From people_review raw_person_id=2062
william_butler,William Butlers,,From people_review raw_person_id=3350
william_c_preston,William C. Preston,,From people_review raw_person_id=1679
william_calhoun,William Calhoun,,From people_review raw_person_id=2484
william_campbell,William Campbell,,From people_review raw_person_id=2467
william_dalrymple_johnson,William Dalrymple Johnson,,From people_review raw_person_id=3195
william_dalrymple_johnson,William Dalrymple] Johnson,,From people_review raw_person_id=5247
william_dunlap,William Dunlap,,From people_review raw_person_id=1835
william_dunlap_simpson,William Dunlap Simpson,,From people_review raw_person_id=3281
william_dunlap_simpson,William Dunlap] Simpson,,From people_review raw_person_id=5343
william_easley,William Easl[e]y,,From people_review raw_person_id=4561
william_easley,William Easley,,From people_review raw_person_id=2555
william_edward,William Edward,,From people_review raw_person_id=3395
william_edward,William Edward],,From people_review raw_person_id=2453
william_elliot,William Elliot,,From people_review raw_person_id=2114
william_elliott,William Elliott,,From people_review raw_person_id=3236
william_faber,William Faber,,From people_review raw_person_id=3506
william_faber,William] Faber,,From people_review raw_person_id=5589
william_ferguson,William Ferguson,,From people_review raw_person_id=1675
william_ford,William Ford,,From people_review raw_person_id=2997
william_fuller,William Fuller,,From people_review raw_person_id=2545
william_gilmore_simms,William Gilnore Simms,,From people_review raw_person_id=3337
william_gilmore_simms,William Gilnore] Simms,,From people_review raw_person_id=5407
william_h_perry,William H. Perry,,From people_review raw_person_id=1223
william_h_thomas,William H. Thomas,,From people_review raw_person_id=3460
william_h_thomas,William H.] Thomas,,From people_review raw_person_id=5542
william_hayne_perry,William Hayne Perry,,From people_review raw_person_id=802
william_hc_whiting,William H.C. Whiting,,From people_review raw_person_id=3049
william_hc_whiting,William H.C.] Whiting,,From people_review raw_person_id=5093
william_henry_foote,W[illiam Henry Foote,,From people_review raw_person_id=1878
william_henry_foote,W[illiam] H[enry] Foote,,From people_review raw_person_id=3845
william_henry_millburns,William Henry Millburns,,From people_review raw_person_id=3290
william_henry_millburns,William Henry] Millburns,,From people_review raw_person_id=5352
william_henry_white,William Henry] White,,From people_review raw_person_id=2483
william_j_hardee,William J. Hardee,,From people_review raw_person_id=1739
william_j_hardee,William J.] Hardee,,From people_review raw_person_id=3700
william_jacobs,William Jacobs,,From people_review raw_person_id=3213
william_john_grayson,William John Grayson,,From people_review raw_person_id=3341
william_john_grayson,William John] Grayson,,From people_review raw_person_id=5412
william_johnson,William Johnson,,From people_review raw_person_id=2098
william_l_yancey,William L. Yancey,,From people_review raw_person_id=2924
william_l_yancey,William L.] Yancey,,From people_review raw_person_id=4954
william_lawton,William Lawton,,From people_review raw_person_id=3354
william_lewis_sharkey,William Lewis Sharkey,,From people_review raw_person_id=1875
william_lewis_sharkey,William Lewis] Sharkey,,From people_review raw_person_id=3842
william_lowndes,[William Lowndes],,From people_review raw_person_id=3705
william_lowndes,William Lowndes,,From people_review raw_person_id=1744
william_lyles,William Lyles,,From people_review raw_person_id=2919
william_martin,William Martin,,From people_review raw_person_id=2452
william_mauldins,William Mauldins,,From people_review raw_person_id=2526
william_mccreight,William McCreight,,From people_review raw_person_id=2489
william_mills,William Mills,,From people_review raw_person_id=1602
william_orlando,William O[rlando,,From people_review raw_person_id=4857
william_orlando,William Orlando,,From people_review raw_person_id=2835
william_perry,William Perry,,From people_review raw_person_id=56
william_pierce_price,William Pierce Price,,From people_review raw_person_id=3333
william_pierce_price,William Pierce] Price,,From people_review raw_person_id=5402
william_pinckney,William Pinckney,,From people_review raw_person_id=2895
william_r_taber,William R. Taber,,From people_review raw_person_id=1725
william_r_taber,William R. Tabr,,From people_review raw_person_id=2506
william_r_taber,William R.] Taber,,From people_review raw_person_id=3685
william_r_taber,William R.] Tabr,,From people_review raw_person_id=4508
william_rowland,William Rowland,,From people_review raw_person_id=1824
william_s_archer,William S. Archer,,From people_review raw_person_id=1820
william_s_archer,William S.] Archer,,From people_review raw_person_id=3785
william_segar,William Segar,,From people_review raw_person_id=1752
william_sidney_mullins,William Sidney Mullins,,From people_review raw_person_id=2490
william_sidney_mullins,William Sidney] Mullins,,From people_review raw_person_id=4492
william_smith,William Smith,,From people_review raw_person_id=3353
william_taylor,William Taylor,,From people_review raw_person_id=2631
william_thompson,William Thompson,,From people_review raw_person_id=2768
william_wallace,William Wallace,,From people_review raw_person_id=2604
william_williams,William Williams,,From people_review raw_person_id=3202
willie_beattie,Willie Beattie,,From people_review raw_person_id=1923
willie_beattie,Willie Beatties,,From people_review raw_person_id=2305
willie_butler,Willie Butler,,From people_review raw_person_id=2677
willie_gill_watson,Willie Gill Watson,,From people_review raw_person_id=3097
willie_gill_watson,Willie Gill Watson &,,From people_review raw_person_id=5146
willie_long,Willie Long,,From people_review raw_person_id=2911
willie_martin,Willie Martin,,From people_review raw_person_id=2950
willie_perry,Willie Perry,,From people_review raw_person_id=3203
willie_rhetts,Willie Rhetts,,From people_review raw_person_id=3106
willie_taylor,Willie Taylor,,From people_review raw_person_id=2751
woodward_crowly,Woodward Crowly,,From people_review raw_person_id=2685
zach_mauldin,Zach Mauldin,,From people_review raw_person_id=3273
zach_wards,Zach Wards,,From people_review raw_person_id=3414
